Workbook

Sheet Market Scenario
A1: Scenario | B1: Global_Second | C1: Phase | D1: Phase_Name | E1: Phase_Second | F1: Market_State | G1: Kia | H1: Vintrumite | I1: DB HiTek | J1: POSCO Future M | K1: Hyundai Motor | L1: POSCO Holdings | M1: Samsung Electronics | N1: LS | O1: Samsung SDI | P1: Samsung Electro-Mechanics | Q1: HD Korea Shipbuilding | R1: LS ELECTRIC | S1: Korea Zinc | T1: HMM | U1: Hyundai Mobis | V1: Korea Electric Power | W1: Samsung C&T | X1: SK Inc. | Y1: NAVER | Z1: Kakao | AA1: JUSUNG Engineering | AB1: EO Technics | AC1: Hanmi Semiconductor | AD1: LG Chem | AE1: Shinhan Financial | AF1: LEENO Industrial | AG1: LG Electronics | AH1: Celltrion | AI1: KODEX 200 | AJ1: EcoPro | AK1: Hana Financial | AL1: KODEX Semiconductor | AM1: SK Innovation | AN1: TIGER 200 | AO1: KB Financial | AP1: KODEX Leverage | AQ1: Meritz Financial | AR1: Samsung Biologics | AS1: KODEX KOSDAQ150 | AT1: KODEX KOSDAQ150 Leverage | AU1: Wonik IPS | AV1: EcoPro BM | AW1: KODEX 200 Futures Inverse 2X | AX1: HD Hyundai Electric | AY1: Hyosung Heavy Industries | AZ1: Woori Financial | BA1: HD Hyundai Heavy Industries | BB1: LG Energy Solution | BC1: TIGER Semiconductor TOP10 | BD1: HPSP
A2: Scenario 2 | B2: 1 | C2: 1 | D2: Fake Positive News | E2: 1 | F2: TRADING | G2: 153993.8 | H2: 209016.5 | I2: 161713.9 | J2: 267009.5 | K2: 539016.3 | L2: 501961.6 | M2: 232500 | N2: 509042.5 | O2: 705058.9 | P2: 918054.7 | Q2: 469466.7 | R2: 294029.7 | S2: 1628996 | T2: 21147.56 | U2: 436706.9 | V2: 44495.51 | W2: 319975.9 | X2: 475467.6 | Y2: 1447000 | Z2: 47103.44 | AA2: 126587.7 | AB2: 475017.7 | AC2: 377999.6 | AD2: 428972.6 | AE2: 98006.44 | AF2: 120788.6 | AG2: 143273.2 | AH2: 188381.3 | AI2: 105293.6 | AJ2: 155792.8 | AK2: 126607.4 | AL2: 130460 | AM2: 145712.8 | AN2: 105769.9 | AO2: 157787.8 | AP2: 127790 | AQ2: 113754.6 | AR2: 1484829 | AS2: 20175.32 | AT2: 17085.03 | AU2: 122501.7 | AV2: 215536.6 | AW2: 151.98 | AX2: 1298915 | AY2: 4227657 | AZ2: 33583.59 | BA2: 680032.5 | BB2: 471950.7 | BC2: 42175 | BD2: 54400.9
A3: Scenario 2 | B3: 2 | C3: 1 | D3: Fake Positive News | E3: 2 | F3: TRADING | G3: 154126.4 | H3: 208581.9 | I3: 161772.8 | J3: 267292.9 | K3: 538049.9 | L3: 501379.4 | M3: 232306.4 | N3: 507712.9 | O3: 704847.4 | P3: 920129.7 | Q3: 468291.4 | R3: 293686.4 | S3: 1626007 | T3: 21097.95 | U3: 437003.2 | V3: 44495.7 | W3: 320368.7 | X3: 475586.5 | Y3: 1445214 | Z3: 47060.51 | AA3: 126595 | AB3: 474911 | AC3: 377966.2 | AD3: 428848.4 | AE3: 98160.24 | AF3: 120795.3 | AG3: 143624.6 | AH3: 188689.8 | AI3: 105338.2 | AJ3: 155955.2 | AK3: 126506 | AL3: 130440 | AM3: 145395.7 | AN3: 105873.3 | AO3: 157792 | AP3: 127823.2 | AQ3: 113675.6 | AR3: 1483264 | AS3: 20188.89 | AT3: 17075.25 | AU3: 122372.4 | AV3: 215000 | AW3: 151.79 | AX3: 1299075 | AY3: 4222727 | AZ3: 33643.85 | BA3: 679331.8 | BB3: 471011.7 | BC3: 42187.25 | BD3: 54471.93
A4: Scenario 2 | B4: 3 | C4: 1 | D4: Fake Positive News | E4: 3 | F4: TRADING | G4: 154590.7 | H4: 208027.6 | I4: 161748.2 | J4: 267506.2 | K4: 536731.8 | L4: 500951.5 | M4: 232198.2 | N4: 506562.7 | O4: 704842.4 | P4: 921745.8 | Q4: 467104.2 | R4: 293273.2 | S4: 1623047 | T4: 21042.83 | U4: 437403.9 | V4: 44495.65 | W4: 320693 | X4: 475831.8 | Y4: 1442573 | Z4: 47061.94 | AA4: 126835.5 | AB4: 475294.2 | AC4: 377873 | AD4: 428780.7 | AE4: 98474 | AF4: 120780.8 | AG4: 143866.7 | AH4: 189008.3 | AI4: 105273.2 | AJ4: 156091.7 | AK4: 126571.1 | AL4: 130458.1 | AM4: 145046.9 | AN4: 106020.1 | AO4: 157691.6 | AP4: 127843.4 | AQ4: 113715 | AR4: 1481903 | AS4: 20195.79 | AT4: 17077.34 | AU4: 122304.1 | AV4: 214646.9 | AW4: 151.87 | AX4: 1298334 | AY4: 4219440 | AZ4: 33733.43 | BA4: 679656.3 | BB4: 469769.6 | BC4: 42199.3 | BD4: 54533.93
A5: Scenario 2 | B5: 4 | C5: 1 | D5: Fake Positive News | E5: 4 | F5: TRADING | G5: 154987.5 | H5: 207652.5 | I5: 161786.1 | J5: 267624.3 | K5: 535929.5 | L5: 499675.3 | M5: 232054.4 | N5: 505229.2 | O5: 704816.1 | P5: 923530.1 | Q5: 465933.2 | R5: 293235.9 | S5: 1621320 | T5: 21000.12 | U5: 437853.4 | V5: 44433.93 | W5: 320908.5 | X5: 475912.9 | Y5: 1439709 | Z5: 47057.43 | AA5: 126757.8 | AB5: 475190.6 | AC5: 377866.5 | AD5: 428758.7 | AE5: 98720.37 | AF5: 120812.6 | AG5: 144138 | AH5: 189280 | AI5: 105337.6 | AJ5: 156325.9 | AK5: 126479.6 | AL5: 130466.8 | AM5: 144747.9 | AN5: 106051.9 | AO5: 157652 | AP5: 127833.5 | AQ5: 113744.4 | AR5: 1479954 | AS5: 20211.21 | AT5: 17053.83 | AU5: 122293.4 | AV5: 214320.3 | AW5: 151.94 | AX5: 1297102 | AY5: 4213606 | AZ5: 33803.91 | BA5: 679177.9 | BB5: 468852.2 | BC5: 42209.99 | BD5: 54564.59
A6: Scenario 2 | B6: 5 | C6: 1 | D6: Fake Positive News | E6: 5 | F6: TRADING | G6: 155043.9 | H6: 207299 | I6: 161843.4 | J6: 267527.7 | K6: 534831.5 | L6: 498657.9 | M6: 231711.5 | N6: 503825.8 | O6: 704721.2 | P6: 926458.5 | Q6: 464584 | R6: 292865.8 | S6: 1618992 | T6: 20942.91 | U6: 438436.7 | V6: 44391.57 | W6: 321350.6 | X6: 475844.3 | Y6: 1436938 | Z6: 47056.68 | AA6: 126847.7 | AB6: 474843.6 | AC6: 377951.6 | AD6: 428496.5 | AE6: 98831.17 | AF6: 120824.8 | AG6: 144498.7 | AH6: 189484.4 | AI6: 105333.1 | AJ6: 156519.7 | AK6: 126279.6 | AL6: 130472.3 | AM6: 144465.6 | AN6: 105946.8 | AO6: 157621.3 | AP6: 127828.4 | AQ6: 113724.7 | AR6: 1479084 | AS6: 20206.76 | AT6: 17039.37 | AU6: 122146.5 | AV6: 213811.4 | AW6: 152.13 | AX6: 1293458 | AY6: 4211795 | AZ6: 33871.96 | BA6: 678866.6 | BB6: 468316.8 | BC6: 42209.47 | BD6: 54616.51
A7: Scenario 2 | B7: 6 | C7: 1 | D7: Fake Positive News | E7: 6 | F7: TRADING | G7: 155419.6 | H7: 206847.2 | I7: 161858.2 | J7: 267724.5 | K7: 533669.4 | L7: 497906.1 | M7: 231474.6 | N7: 502275.8 | O7: 705022.6 | P7: 929435 | Q7: 463316.3 | R7: 292825.5 | S7: 1614799 | T7: 20894.15 | U7: 439061 | V7: 44394.39 | W7: 321909.2 | X7: 475992.3 | Y7: 1434924 | Z7: 47045.98 | AA7: 126870.9 | AB7: 474551.8 | AC7: 377881.2 | AD7: 428240.6 | AE7: 99015.68 | AF7: 120803.2 | AG7: 144825.8 | AH7: 189960.9 | AI7: 105345.5 | AJ7: 156740.1 | AK7: 126246.1 | AL7: 130490 | AM7: 144205.7 | AN7: 106127.9 | AO7: 157685.8 | AP7: 127814.6 | AQ7: 113679.8 | AR7: 1479227 | AS7: 20198.38 | AT7: 17014.47 | AU7: 122115.8 | AV7: 213349.7 | AW7: 152.33 | AX7: 1291950 | AY7: 4206536 | AZ7: 33948.4 | BA7: 678640.5 | BB7: 467508.9 | BC7: 42204.72 | BD7: 54630.25
A8: Scenario 2 | B8: 7 | C8: 1 | D8: Fake Positive News | E8: 7 | F8: TRADING | G8: 155753 | H8: 206385.1 | I8: 161879.8 | J8: 267966.8 | K8: 532377.7 | L8: 497054.4 | M8: 231145.2 | N8: 500742.5 | O8: 705080.7 | P8: 932335.4 | Q8: 462079.5 | R8: 292717 | S8: 1612451 | T8: 20845.85 | U8: 439682.6 | V8: 44361.89 | W8: 322313.1 | X8: 476260.3 | Y8: 1433236 | Z8: 47047.67 | AA8: 126800.9 | AB8: 474461.8 | AC8: 377949.1 | AD8: 428184.8 | AE8: 99336.81 | AF8: 120778.8 | AG8: 145202.5 | AH8: 190116.1 | AI8: 105344.7 | AJ8: 157011.7 | AK8: 126078.3 | AL8: 130477.8 | AM8: 143982.2 | AN8: 106220.5 | AO8: 157614.5 | AP8: 127786.5 | AQ8: 113694.8 | AR8: 1478673 | AS8: 20188.06 | AT8: 16997.95 | AU8: 122059.2 | AV8: 212823.6 | AW8: 152.43 | AX8: 1291310 | AY8: 4204625 | AZ8: 34025.81 | BA8: 678880.4 | BB8: 466533.5 | BC8: 42202.33 | BD8: 54735.29
A9: Scenario 2 | B9: 8 | C9: 1 | D9: Fake Positive News | E9: 8 | F9: TRADING | G9: 155973.8 | H9: 205966.6 | I9: 161866.7 | J9: 268446.2 | K9: 530870.6 | L9: 496132.7 | M9: 230946.5 | N9: 499513.3 | O9: 705077.8 | P9: 935333.5 | Q9: 460350.7 | R9: 292066.9 | S9: 1609257 | T9: 20796.36 | U9: 440267.7 | V9: 44329.66 | W9: 322775.8 | X9: 476714.4 | Y9: 1432722 | Z9: 47054.67 | AA9: 126993.6 | AB9: 474479.1 | AC9: 378019.8 | AD9: 428358 | AE9: 99331.23 | AF9: 120754.1 | AG9: 145534 | AH9: 190211.7 | AI9: 105323.4 | AJ9: 157264.4 | AK9: 126088.5 | AL9: 130464.3 | AM9: 143741.3 | AN9: 106227.7 | AO9: 157638.7 | AP9: 127777.3 | AQ9: 113705 | AR9: 1477031 | AS9: 20185.55 | AT9: 16978.82 | AU9: 122083.5 | AV9: 212369.8 | AW9: 152.31 | AX9: 1291762 | AY9: 4199523 | AZ9: 34109.19 | BA9: 679479.7 | BB9: 465548.2 | BC9: 42207.89 | BD9: 54775.96
A10: Scenario 2 | B10: 9 | C10: 1 | D10: Fake Positive News | E10: 9 | F10: TRADING | G10: 156214.3 | H10: 205448.4 | I10: 161970 | J10: 268740.2 | K10: 529315.9 | L10: 495388.3 | M10: 230735.2 | N10: 498121.6 | O10: 705297.7 | P10: 937582.3 | Q10: 459249.4 | R10: 291838.2 | S10: 1605750 | T10: 20740.96 | U10: 440969 | V10: 44314.2 | W10: 323031.4 | X10: 477534.7 | Y10: 1430229 | Z10: 47046.33 | AA10: 127166.6 | AB10: 474397.7 | AC10: 377936.8 | AD10: 428454.5 | AE10: 99432.6 | AF10: 120742.7 | AG10: 145854.8 | AH10: 190275 | AI10: 105345.6 | AJ10: 157496.8 | AK10: 126109.3 | AL10: 130457.9 | AM10: 143438.6 | AN10: 106337.6 | AO10: 157563.3 | AP10: 127790.6 | AQ10: 113699 | AR10: 1473124 | AS10: 20179.73 | AT10: 16961.76 | AU10: 122067.6 | AV10: 211621.6 | AW10: 152.31 | AX10: 1292229 | AY10: 4194095 | AZ10: 34201.89 | BA10: 679646.1 | BB10: 464604.2 | BC10: 42202.24 | BD10: 54803.87
A11: Scenario 2 | B11: 10 | C11: 1 | D11: Fake Positive News | E11: 10 | F11: TRADING | G11: 156557.5 | H11: 204851.5 | I11: 162058.4 | J11: 268692.2 | K11: 528122.3 | L11: 494509.8 | M11: 230418.2 | N11: 496384 | O11: 705234.7 | P11: 938986.3 | Q11: 457933.3 | R11: 291617.5 | S11: 1602240 | T11: 20691.8 | U11: 441451.6 | V11: 44289.63 | W11: 323511.8 | X11: 477825.7 | Y11: 1428324 | Z11: 47098.82 | AA11: 127281.4 | AB11: 474486.9 | AC11: 377978.4 | AD11: 428592.4 | AE11: 99587.64 | AF11: 120713.2 | AG11: 146235.9 | AH11: 190517.7 | AI11: 105268.4 | AJ11: 157691.1 | AK11: 125884.5 | AL11: 130447.5 | AM11: 143172 | AN11: 106481.3 | AO11: 157512.9 | AP11: 127800.2 | AQ11: 113717.4 | AR11: 1472793 | AS11: 20191.5 | AT11: 16932.6 | AU11: 122052.8 | AV11: 211161.4 | AW11: 152.57 | AX11: 1289572 | AY11: 4194194 | AZ11: 34277.26 | BA11: 679657.2 | BB11: 463580.7 | BC11: 42199.93 | BD11: 54820.06
A12: Scenario 2 | B12: 11 | C12: 1 | D12: Fake Positive News | E12: 11 | F12: TRADING | G12: 156739.6 | H12: 204254.2 | I12: 161947.3 | J12: 268962.8 | K12: 527040.7 | L12: 493418 | M12: 230286.3 | N12: 495106.1 | O12: 705440 | P12: 940656.1 | Q12: 456804.7 | R12: 291374.4 | S12: 1599391 | T12: 20642.49 | U12: 442107.7 | V12: 44251.07 | W12: 324096 | X12: 478290.9 | Y12: 1425856 | Z12: 47060.5 | AA12: 127392 | AB12: 474044.1 | AC12: 378061.6 | AD12: 428584.9 | AE12: 99603.12 | AF12: 120726.9 | AG12: 146495.5 | AH12: 190747.9 | AI12: 105273.1 | AJ12: 158005.3 | AK12: 125741.1 | AL12: 130458.1 | AM12: 142939.4 | AN12: 106557.9 | AO12: 157502.3 | AP12: 127830.1 | AQ12: 113717 | AR12: 1468694 | AS12: 20193.07 | AT12: 16926.12 | AU12: 122058.3 | AV12: 210712.7 | AW12: 152.67 | AX12: 1288231 | AY12: 4193903 | AZ12: 34339.49 | BA12: 679302.4 | BB12: 462646 | BC12: 42206.71 | BD12: 54878.88
A13: Scenario 2 | B13: 12 | C13: 1 | D13: Fake Positive News | E13: 12 | F13: TRADING | G13: 156938 | H13: 203889.2 | I13: 161998.2 | J13: 269018.9 | K13: 525748.6 | L13: 492561.7 | M13: 230032.1 | N13: 494223.8 | O13: 705252.6 | P13: 942174.2 | Q13: 455340.9 | R13: 291103.6 | S13: 1598340 | T13: 20591.33 | U13: 442009.8 | V13: 44221.13 | W13: 324584.8 | X13: 478111.2 | Y13: 1425756 | Z13: 47074.22 | AA13: 127790.5 | AB13: 473813.9 | AC13: 377921.6 | AD13: 428339.4 | AE13: 99854.5 | AF13: 120729.6 | AG13: 146705.6 | AH13: 190966.7 | AI13: 105221 | AJ13: 158278.3 | AK13: 125652.1 | AL13: 130450.8 | AM13: 142644.8 | AN13: 106542.5 | AO13: 157513.3 | AP13: 127815 | AQ13: 113672.2 | AR13: 1466055 | AS13: 20176.38 | AT13: 16897.36 | AU13: 121852.6 | AV13: 210179.2 | AW13: 152.75 | AX13: 1285993 | AY13: 4189794 | AZ13: 34411.96 | BA13: 678893.4 | BB13: 461817 | BC13: 42198.9 | BD13: 54913.82
... A1801: Scenario 2 | B1801: 1800 | C1801: 6 | D1801: Negative Shock | E1801: 300 | F1801: TRADING | G1801: 105759.4 | H1801: 302259.4 | I1801: 122800 | J1801: 204571.3 | K1801: 723917.2 | L1801: 733837.3 | M1801: 147977.8 | N1801: 380166.8 | O1801: 501560.1 | P1801: 660110 | Q1801: 376852.8 | R1801: 246525.7 | S1801: 2158090 | T1801: 31174.23 | U1801: 312827.2 | V1801: 46467.81 | W1801: 233962.8 | X1801: 372180.5 | Y1801: 952354 | Z1801: 35787.24 | AA1801: 83154.61 | AB1801: 375942.1 | AC1801: 242300.5 | AD1801: 305477.8 | AE1801: 63816.15 | AF1801: 102131.3 | AG1801: 122591.9 | AH1801: 136144.9 | AI1801: 71790.33 | AJ1801: 128659.7 | AK1801: 104900.1 | AL1801: 96262.03 | AM1801: 121003.6 | AN1801: 73478.68 | AO1801: 127808.6 | AP1801: 105568.4 | AQ1801: 84255.97 | AR1801: 911972.3 | AS1801: 12715.97 | AT1801: 12576.68 | AU1801: 98865.03 | AV1801: 264047.5 | AW1801: 154.0335 | AX1801: 932366.6 | AY1801: 3148761 | AZ1801: 29993.67 | BA1801: 517074.7 | BB1801: 645330.4 | BC1801: 32475.35 | BD1801: 37121.09

Sheet Data Audit
A1: Scenario | B1: Global_Second | C1: Phase | D1: Phase_Name | E1: Phase_Second | F1: Market_State | G1: Kia | H1: Kia Δ% | I1: Vintrumite | J1: Vintrumite Δ% | K1: DB HiTek | L1: DB HiTek Δ% | M1: POSCO Future M | N1: POSCO Future M Δ% | O1: Hyundai Motor | P1: Hyundai Motor Δ% | Q1: POSCO Holdings | R1: POSCO Holdings Δ% | S1: Samsung Electronics | T1: Samsung Electronics Δ% | U1: LS | V1: LS Δ% | W1: Samsung SDI | X1: Samsung SDI Δ% | Y1: Samsung Electro-Mechanics | Z1: Samsung Electro-Mechanics Δ% | AA1: HD Korea Shipbuilding | AB1: HD Korea Shipbuilding Δ% | AC1: LS ELECTRIC | AD1: LS ELECTRIC Δ% | AE1: Korea Zinc | AF1: Korea Zinc Δ% | AG1: HMM | AH1: HMM Δ% | AI1: Hyundai Mobis | AJ1: Hyundai Mobis Δ% | AK1: Korea Electric Power | AL1: Korea Electric Power Δ% | AM1: Samsung C&T | AN1: Samsung C&T Δ% | AO1: SK Inc. | AP1: SK Inc. Δ% | AQ1: NAVER | AR1: NAVER Δ% | AS1: Kakao | AT1: Kakao Δ% | AU1: JUSUNG Engineering | AV1: JUSUNG Engineering Δ% | AW1: EO Technics | AX1: EO Technics Δ% | AY1: Hanmi Semiconductor | AZ1: Hanmi Semiconductor Δ% | BA1: LG Chem | BB1: LG Chem Δ% | BC1: Shinhan Financial | BD1: Shinhan Financial Δ% | BE1: LEENO Industrial | BF1: LEENO Industrial Δ% | BG1: LG Electronics | BH1: LG Electronics Δ% | BI1: Celltrion | BJ1: Celltrion Δ% | BK1: KODEX 200 | BL1: KODEX 200 Δ% | BM1: EcoPro | BN1: EcoPro Δ% | BO1: Hana Financial | BP1: Hana Financial Δ% | BQ1: KODEX Semiconductor | BR1: KODEX Semiconductor Δ% | BS1: SK Innovation | BT1: SK Innovation Δ% | BU1: TIGER 200 | BV1: TIGER 200 Δ% | BW1: KB Financial | BX1: KB Financial Δ% | BY1: KODEX Leverage | BZ1: KODEX Leverage Δ% | CA1: Meritz Financial | CB1: Meritz Financial Δ% | CC1: Samsung Biologics | CD1: Samsung Biologics Δ% | CE1: KODEX KOSDAQ150 | CF1: KODEX KOSDAQ150 Δ% | CG1: KODEX KOSDAQ150 Leverage | CH1: KODEX KOSDAQ150 Leverage Δ% | CI1: Wonik IPS | CJ1: Wonik IPS Δ% | CK1: EcoPro BM | CL1: EcoPro BM Δ% | CM1: KODEX 200 Futures Inverse 2X | CN1: KODEX 200 Futures Inverse 2X Δ% | CO1: HD Hyundai Electric | CP1: HD Hyundai Electric Δ% | CQ1: Hyosung Heavy Industries | CR1: Hyosung Heavy Industries Δ% | CS1: Woori Financial | CT1: Woori Financial Δ% | CU1: HD Hyundai Heavy Industries | CV1: HD Hyundai Heavy Industries Δ% | CW1: LG Energy Solution | CX1: LG Energy Solution Δ% | CY1: TIGER Semiconductor TOP10 | CZ1: TIGER Semiconductor TOP10 Δ% | DA1: HPSP | DB1: HPSP Δ% | DD1: ±30% PRICE-LIMIT AUDIT
A2: ='Market Scenario'!A2 -> Scenario 2 | B2: ='Market Scenario'!B2 -> 1 | C2: ='Market Scenario'!C2 -> 1 | D2: ='Market Scenario'!D2 -> Fake Positive News | E2: ='Market Scenario'!E2 -> 1 | F2: ='Market Scenario'!F2 -> TRADING | G2: ='Market Scenario'!G2 -> 153993.8 | H2: =IFERROR('Market Scenario'!G2/'Market Scenario'!G$2-1,"") -> 0 | I2: ='Market Scenario'!H2 -> 209016.5 | J2: =IFERROR('Market Scenario'!H2/'Market Scenario'!H$2-1,"") -> 0 | K2: ='Market Scenario'!I2 -> 161713.9 | L2: =IFERROR('Market Scenario'!I2/'Market Scenario'!I$2-1,"") -> 0 | M2: ='Market Scenario'!J2 -> 267009.5 | N2: =IFERROR('Market Scenario'!J2/'Market Scenario'!J$2-1,"") -> 0 | O2: ='Market Scenario'!K2 -> 539016.3 | P2: =IFERROR('Market Scenario'!K2/'Market Scenario'!K$2-1,"") -> 0 | Q2: ='Market Scenario'!L2 -> 501961.6 | R2: =IFERROR('Market Scenario'!L2/'Market Scenario'!L$2-1,"") -> 0 | S2: ='Market Scenario'!M2 -> 232500 | T2: =IFERROR('Market Scenario'!M2/'Market Scenario'!M$2-1,"") -> 0 | U2: ='Market Scenario'!N2 -> 509042.5 | V2: =IFERROR('Market Scenario'!N2/'Market Scenario'!N$2-1,"") -> 0 | W2: ='Market Scenario'!O2 -> 705058.9 | X2: =IFERROR('Market Scenario'!O2/'Market Scenario'!O$2-1,"") -> 0 | Y2: ='Market Scenario'!P2 -> 918054.7 | Z2: =IFERROR('Market Scenario'!P2/'Market Scenario'!P$2-1,"") -> 0 | AA2: ='Market Scenario'!Q2 -> 469466.7 | AB2: =IFERROR('Market Scenario'!Q2/'Market Scenario'!Q$2-1,"") -> 0 | AC2: ='Market Scenario'!R2 -> 294029.7 | AD2: =IFERROR('Market Scenario'!R2/'Market Scenario'!R$2-1,"") -> 0 | AE2: ='Market Scenario'!S2 -> 1628996 | AF2: =IFERROR('Market Scenario'!S2/'Market Scenario'!S$2-1,"") -> 0 | AG2: ='Market Scenario'!T2 -> 21147.56 | AH2: =IFERROR('Market Scenario'!T2/'Market Scenario'!T$2-1,"") -> 0 | AI2: ='Market Scenario'!U2 -> 436706.9 | AJ2: =IFERROR('Market Scenario'!U2/'Market Scenario'!U$2-1,"") -> 0 | AK2: ='Market Scenario'!V2 -> 44495.51 | AL2: =IFERROR('Market Scenario'!V2/'Market Scenario'!V$2-1,"") -> 0 | AM2: ='Market Scenario'!W2 -> 319975.9 | AN2: =IFERROR('Market Scenario'!W2/'Market Scenario'!W$2-1,"") -> 0 | AO2: ='Market Scenario'!X2 -> 475467.6 | AP2: =IFERROR('Market Scenario'!X2/'Market Scenario'!X$2-1,"") -> 0 | AQ2: ='Market Scenario'!Y2 -> 1447000 | AR2: =IFERROR('Market Scenario'!Y2/'Market Scenario'!Y$2-1,"") -> 0 | AS2: ='Market Scenario'!Z2 -> 47103.44 | AT2: =IFERROR('Market Scenario'!Z2/'Market Scenario'!Z$2-1,"") -> 0 | AU2: ='Market Scenario'!AA2 -> 126587.7 | AV2: =IFERROR('Market Scenario'!AA2/'Market Scenario'!AA$2-1,"") -> 0 | AW2: ='Market Scenario'!AB2 -> 475017.7 | AX2: =IFERROR('Market Scenario'!AB2/'Market Scenario'!AB$2-1,"") -> 0 | AY2: ='Market Scenario'!AC2 -> 377999.6 | AZ2: =IFERROR('Market Scenario'!AC2/'Market Scenario'!AC$2-1,"") -> 0 | BA2: ='Market Scenario'!AD2 -> 428972.6 | BB2: =IFERROR('Market Scenario'!AD2/'Market Scenario'!AD$2-1,"") -> 0 | BC2: ='Market Scenario'!AE2 -> 98006.44 | BD2: =IFERROR('Market Scenario'!AE2/'Market Scenario'!AE$2-1,"") -> 0 | BE2: ='Market Scenario'!AF2 -> 120788.6 | BF2: =IFERROR('Market Scenario'!AF2/'Market Scenario'!AF$2-1,"") -> 0 | BG2: ='Market Scenario'!AG2 -> 143273.2 | BH2: =IFERROR('Market Scenario'!AG2/'Market Scenario'!AG$2-1,"") -> 0 | BI2: ='Market Scenario'!AH2 -> 188381.3 | BJ2: =IFERROR('Market Scenario'!AH2/'Market Scenario'!AH$2-1,"") -> 0 | BK2: ='Market Scenario'!AI2 -> 105293.6 | BL2: =IFERROR('Market Scenario'!AI2/'Market Scenario'!AI$2-1,"") -> 0 | BM2: ='Market Scenario'!AJ2 -> 155792.8 | BN2: =IFERROR('Market Scenario'!AJ2/'Market Scenario'!AJ$2-1,"") -> 0 | BO2: ='Market Scenario'!AK2 -> 126607.4 | BP2: =IFERROR('Market Scenario'!AK2/'Market Scenario'!AK$2-1,"") -> 0 | BQ2: ='Market Scenario'!AL2 -> 130460 | BR2: =IFERROR('Market Scenario'!AL2/'Market Scenario'!AL$2-1,"") -> 0 | BS2: ='Market Scenario'!AM2 -> 145712.8 | BT2: =IFERROR('Market Scenario'!AM2/'Market Scenario'!AM$2-1,"") -> 0 | BU2: ='Market Scenario'!AN2 -> 105769.9 | BV2: =IFERROR('Market Scenario'!AN2/'Market Scenario'!AN$2-1,"") -> 0 | BW2: ='Market Scenario'!AO2 -> 157787.8 | BX2: =IFERROR('Market Scenario'!AO2/'Market Scenario'!AO$2-1,"") -> 0 | BY2: ='Market Scenario'!AP2 -> 127790 | BZ2: =IFERROR('Market Scenario'!AP2/'Market Scenario'!AP$2-1,"") -> 0 | CA2: ='Market Scenario'!AQ2 -> 113754.6 | CB2: =IFERROR('Market Scenario'!AQ2/'Market Scenario'!AQ$2-1,"") -> 0 | CC2: ='Market Scenario'!AR2 -> 1484829 | CD2: =IFERROR('Market Scenario'!AR2/'Market Scenario'!AR$2-1,"") -> 0 | CE2: ='Market Scenario'!AS2 -> 20175.32 | CF2: =IFERROR('Market Scenario'!AS2/'Market Scenario'!AS$2-1,"") -> 0 | CG2: ='Market Scenario'!AT2 -> 17085.03 | CH2: =IFERROR('Market Scenario'!AT2/'Market Scenario'!AT$2-1,"") -> 0 | CI2: ='Market Scenario'!AU2 -> 122501.7 | CJ2: =IFERROR('Market Scenario'!AU2/'Market Scenario'!AU$2-1,"") -> 0 | CK2: ='Market Scenario'!AV2 -> 215536.6 | CL2: =IFERROR('Market Scenario'!AV2/'Market Scenario'!AV$2-1,"") -> 0 | CM2: ='Market Scenario'!AW2 -> 151.98 | CN2: =IFERROR('Market Scenario'!AW2/'Market Scenario'!AW$2-1,"") -> 0 | CO2: ='Market Scenario'!AX2 -> 1298915 | CP2: =IFERROR('Market Scenario'!AX2/'Market Scenario'!AX$2-1,"") -> 0 | CQ2: ='Market Scenario'!AY2 -> 4227657 | CR2: =IFERROR('Market Scenario'!AY2/'Market Scenario'!AY$2-1,"") -> 0 | CS2: ='Market Scenario'!AZ2 -> 33583.59 | CT2: =IFERROR('Market Scenario'!AZ2/'Market Scenario'!AZ$2-1,"") -> 0 | CU2: ='Market Scenario'!BA2 -> 680032.5 | CV2: =IFERROR('Market Scenario'!BA2/'Market Scenario'!BA$2-1,"") -> 0 | CW2: ='Market Scenario'!BB2 -> 471950.7 | CX2: =IFERROR('Market Scenario'!BB2/'Market Scenario'!BB$2-1,"") -> 0 | CY2: ='Market Scenario'!BC2 -> 42175 | CZ2: =IFERROR('Market Scenario'!BC2/'Market Scenario'!BC$2-1,"") -> 0 | DA2: ='Market Scenario'!BD2 -> 54400.9 | DB2: =IFERROR('Market Scenario'!BD2/'Market Scenario'!BD$2-1,"") -> 0 | DD2: HOW TO USE • Each ticker has Price + Δ% vs the beginning of the AM/PM session. • AM = Phase_Second 1–150; PM = 151–300. • Any move above +30% or below -30% is highlighted RED. • You can paste/replace Tab 1 later, provided the same 56-column structure and ticker order are kept.
A3: ='Market Scenario'!A3 -> Scenario 2 | B3: ='Market Scenario'!B3 -> 2 | C3: ='Market Scenario'!C3 -> 1 | D3: ='Market Scenario'!D3 -> Fake Positive News | E3: ='Market Scenario'!E3 -> 2 | F3: ='Market Scenario'!F3 -> TRADING | G3: ='Market Scenario'!G3 -> 154126.4 | H3: =IFERROR('Market Scenario'!G3/'Market Scenario'!G$2-1,"") -> 0.00086107363 | I3: ='Market Scenario'!H3 -> 208581.9 | J3: =IFERROR('Market Scenario'!H3/'Market Scenario'!H$2-1,"") -> -0.0020792617 | K3: ='Market Scenario'!I3 -> 161772.8 | L3: =IFERROR('Market Scenario'!I3/'Market Scenario'!I$2-1,"") -> 0.00036422348 | M3: ='Market Scenario'!J3 -> 267292.9 | N3: =IFERROR('Market Scenario'!J3/'Market Scenario'!J$2-1,"") -> 0.0010613855 | O3: ='Market Scenario'!K3 -> 538049.9 | P3: =IFERROR('Market Scenario'!K3/'Market Scenario'!K$2-1,"") -> -0.0017928957 | Q3: ='Market Scenario'!L3 -> 501379.4 | R3: =IFERROR('Market Scenario'!L3/'Market Scenario'!L$2-1,"") -> -0.0011598497 | S3: ='Market Scenario'!M3 -> 232306.4 | T3: =IFERROR('Market Scenario'!M3/'Market Scenario'!M$2-1,"") -> -0.00083268817 | U3: ='Market Scenario'!N3 -> 507712.9 | V3: =IFERROR('Market Scenario'!N3/'Market Scenario'!N$2-1,"") -> -0.0026119627 | W3: ='Market Scenario'!O3 -> 704847.4 | X3: =IFERROR('Market Scenario'!O3/'Market Scenario'!O$2-1,"") -> -0.00029997494 | Y3: ='Market Scenario'!P3 -> 920129.7 | Z3: =IFERROR('Market Scenario'!P3/'Market Scenario'!P$2-1,"") -> 0.0022602139 | AA3: ='Market Scenario'!Q3 -> 468291.4 | AB3: =IFERROR('Market Scenario'!Q3/'Market Scenario'!Q$2-1,"") -> -0.0025034789 | AC3: ='Market Scenario'!R3 -> 293686.4 | AD3: =IFERROR('Market Scenario'!R3/'Market Scenario'!R$2-1,"") -> -0.0011675691 | AE3: ='Market Scenario'!S3 -> 1626007 | AF3: =IFERROR('Market Scenario'!S3/'Market Scenario'!S$2-1,"") -> -0.0018348725 | AG3: ='Market Scenario'!T3 -> 21097.95 | AH3: =IFERROR('Market Scenario'!T3/'Market Scenario'!T$2-1,"") -> -0.0023458971 | AI3: ='Market Scenario'!U3 -> 437003.2 | AJ3: =IFERROR('Market Scenario'!U3/'Market Scenario'!U$2-1,"") -> 0.0006784871 | AK3: ='Market Scenario'!V3 -> 44495.7 | AL3: =IFERROR('Market Scenario'!V3/'Market Scenario'!V$2-1,"") -> 4.2700938e-06 | AM3: ='Market Scenario'!W3 -> 320368.7 | AN3: =IFERROR('Market Scenario'!W3/'Market Scenario'!W$2-1,"") -> 0.0012275925 | AO3: ='Market Scenario'!X3 -> 475586.5 | AP3: =IFERROR('Market Scenario'!X3/'Market Scenario'!X$2-1,"") -> 0.00025006962 | AQ3: ='Market Scenario'!Y3 -> 1445214 | AR3: =IFERROR('Market Scenario'!Y3/'Market Scenario'!Y$2-1,"") -> -0.0012342778 | AS3: ='Market Scenario'!Z3 -> 47060.51 | AT3: =IFERROR('Market Scenario'!Z3/'Market Scenario'!Z$2-1,"") -> -0.0009113984 | AU3: ='Market Scenario'!AA3 -> 126595 | AV3: =IFERROR('Market Scenario'!AA3/'Market Scenario'!AA$2-1,"") -> 5.766753e-05 | AW3: ='Market Scenario'!AB3 -> 474911 | AX3: =IFERROR('Market Scenario'!AB3/'Market Scenario'!AB$2-1,"") -> -0.00022462321 | AY3: ='Market Scenario'!AC3 -> 377966.2 | AZ3: =IFERROR('Market Scenario'!AC3/'Market Scenario'!AC$2-1,"") -> -8.8359882e-05 | BA3: ='Market Scenario'!AD3 -> 428848.4 | BB3: =IFERROR('Market Scenario'!AD3/'Market Scenario'!AD$2-1,"") -> -0.00028952898 | BC3: ='Market Scenario'!AE3 -> 98160.24 | BD3: =IFERROR('Market Scenario'!AE3/'Market Scenario'!AE$2-1,"") -> 0.0015692846 | BE3: ='Market Scenario'!AF3 -> 120795.3 | BF3: =IFERROR('Market Scenario'!AF3/'Market Scenario'!AF$2-1,"") -> 5.5468811e-05 | BG3: ='Market Scenario'!AG3 -> 143624.6 | BH3: =IFERROR('Market Scenario'!AG3/'Market Scenario'!AG$2-1,"") -> 0.0024526569 | BI3: ='Market Scenario'!AH3 -> 188689.8 | BJ3: =IFERROR('Market Scenario'!AH3/'Market Scenario'!AH$2-1,"") -> 0.001637636 | BK3: ='Market Scenario'!AI3 -> 105338.2 | BL3: =IFERROR('Market Scenario'!AI3/'Market Scenario'!AI$2-1,"") -> 0.0004235775 | BM3: ='Market Scenario'!AJ3 -> 155955.2 | BN3: =IFERROR('Market Scenario'!AJ3/'Market Scenario'!AJ$2-1,"") -> 0.0010424102 | BO3: ='Market Scenario'!AK3 -> 126506 | BP3: =IFERROR('Market Scenario'!AK3/'Market Scenario'!AK$2-1,"") -> -0.00080090105 | BQ3: ='Market Scenario'!AL3 -> 130440 | BR3: =IFERROR('Market Scenario'!AL3/'Market Scenario'!AL$2-1,"") -> -0.00015330369 | BS3: ='Market Scenario'!AM3 -> 145395.7 | BT3: =IFERROR('Market Scenario'!AM3/'Market Scenario'!AM$2-1,"") -> -0.0021761987 | BU3: ='Market Scenario'!AN3 -> 105873.3 | BV3: =IFERROR('Market Scenario'!AN3/'Market Scenario'!AN$2-1,"") -> 0.00097759381 | BW3: ='Market Scenario'!AO3 -> 157792 | BX3: =IFERROR('Market Scenario'!AO3/'Market Scenario'!AO$2-1,"") -> 2.6618028e-05 | BY3: ='Market Scenario'!AP3 -> 127823.2 | BZ3: =IFERROR('Market Scenario'!AP3/'Market Scenario'!AP$2-1,"") -> 0.00025980124 | CA3: ='Market Scenario'!AQ3 -> 113675.6 | CB3: =IFERROR('Market Scenario'!AQ3/'Market Scenario'!AQ$2-1,"") -> -0.00069447741 | CC3: ='Market Scenario'!AR3 -> 1483264 | CD3: =IFERROR('Market Scenario'!AR3/'Market Scenario'!AR$2-1,"") -> -0.0010539934 | CE3: ='Market Scenario'!AS3 -> 20188.89 | CF3: =IFERROR('Market Scenario'!AS3/'Market Scenario'!AS$2-1,"") -> 0.00067260395 | CG3: ='Market Scenario'!AT3 -> 17075.25 | CH3: =IFERROR('Market Scenario'!AT3/'Market Scenario'!AT$2-1,"") -> -0.00057243095 | CI3: ='Market Scenario'!AU3 -> 122372.4 | CJ3: =IFERROR('Market Scenario'!AU3/'Market Scenario'!AU$2-1,"") -> -0.0010554956 | CK3: ='Market Scenario'!AV3 -> 215000 | CL3: =IFERROR('Market Scenario'!AV3/'Market Scenario'!AV$2-1,"") -> -0.0024896004 | CM3: ='Market Scenario'!AW3 -> 151.79 | CN3: =IFERROR('Market Scenario'!AW3/'Market Scenario'!AW$2-1,"") -> -0.0012501645 | CO3: ='Market Scenario'!AX3 -> 1299075 | CP3: =IFERROR('Market Scenario'!AX3/'Market Scenario'!AX$2-1,"") -> 0.00012317973 | CQ3: ='Market Scenario'!AY3 -> 4222727 | CR3: =IFERROR('Market Scenario'!AY3/'Market Scenario'!AY$2-1,"") -> -0.0011661306 | CS3: ='Market Scenario'!AZ3 -> 33643.85 | CT3: =IFERROR('Market Scenario'!AZ3/'Market Scenario'!AZ$2-1,"") -> 0.0017943287 | CU3: ='Market Scenario'!BA3 -> 679331.8 | CV3: =IFERROR('Market Scenario'!BA3/'Market Scenario'!BA$2-1,"") -> -0.0010303919 | CW3: ='Market Scenario'!BB3 -> 471011.7 | CX3: =IFERROR('Market Scenario'!BB3/'Market Scenario'!BB$2-1,"") -> -0.0019896146 | CY3: ='Market Scenario'!BC3 -> 42187.25 | CZ3: =IFERROR('Market Scenario'!BC3/'Market Scenario'!BC$2-1,"") -> 0.00029045643 | DA3: ='Market Scenario'!BD3 -> 54471.93 | DB3: =IFERROR('Market Scenario'!BD3/'Market Scenario'!BD$2-1,"") -> 0.0013056769
A4: ='Market Scenario'!A4 -> Scenario 2 | B4: ='Market Scenario'!B4 -> 3 | C4: ='Market Scenario'!C4 -> 1 | D4: ='Market Scenario'!D4 -> Fake Positive News | E4: ='Market Scenario'!E4 -> 3 | F4: ='Market Scenario'!F4 -> TRADING | G4: ='Market Scenario'!G4 -> 154590.7 | H4: =IFERROR('Market Scenario'!G4/'Market Scenario'!G$2-1,"") -> 0.0038761301 | I4: ='Market Scenario'!H4 -> 208027.6 | J4: =IFERROR('Market Scenario'!H4/'Market Scenario'!H$2-1,"") -> -0.0047312054 | K4: ='Market Scenario'!I4 -> 161748.2 | L4: =IFERROR('Market Scenario'!I4/'Market Scenario'!I$2-1,"") -> 0.00021210298 | M4: ='Market Scenario'!J4 -> 267506.2 | N4: =IFERROR('Market Scenario'!J4/'Market Scenario'!J$2-1,"") -> 0.0018602334 | O4: ='Market Scenario'!K4 -> 536731.8 | P4: =IFERROR('Market Scenario'!K4/'Market Scenario'!K$2-1,"") -> -0.0042382763 | Q4: ='Market Scenario'!L4 -> 500951.5 | R4: =IFERROR('Market Scenario'!L4/'Market Scenario'!L$2-1,"") -> -0.0020123053 | S4: ='Market Scenario'!M4 -> 232198.2 | T4: =IFERROR('Market Scenario'!M4/'Market Scenario'!M$2-1,"") -> -0.0012980645 | U4: ='Market Scenario'!N4 -> 506562.7 | V4: =IFERROR('Market Scenario'!N4/'Market Scenario'!N$2-1,"") -> -0.0048714989 | W4: ='Market Scenario'!O4 -> 704842.4 | X4: =IFERROR('Market Scenario'!O4/'Market Scenario'!O$2-1,"") -> -0.00030706654 | Y4: ='Market Scenario'!P4 -> 921745.8 | Z4: =IFERROR('Market Scenario'!P4/'Market Scenario'!P$2-1,"") -> 0.0040205665 | AA4: ='Market Scenario'!Q4 -> 467104.2 | AB4: =IFERROR('Market Scenario'!Q4/'Market Scenario'!Q$2-1,"") -> -0.0050323058 | AC4: ='Market Scenario'!R4 -> 293273.2 | AD4: =IFERROR('Market Scenario'!R4/'Market Scenario'!R$2-1,"") -> -0.0025728693 | AE4: ='Market Scenario'!S4 -> 1623047 | AF4: =IFERROR('Market Scenario'!S4/'Market Scenario'!S$2-1,"") -> -0.0036519427 | AG4: ='Market Scenario'!T4 -> 21042.83 | AH4: =IFERROR('Market Scenario'!T4/'Market Scenario'!T$2-1,"") -> -0.0049523444 | AI4: ='Market Scenario'!U4 -> 437403.9 | AJ4: =IFERROR('Market Scenario'!U4/'Market Scenario'!U$2-1,"") -> 0.0015960362 | AK4: ='Market Scenario'!V4 -> 44495.65 | AL4: =IFERROR('Market Scenario'!V4/'Market Scenario'!V$2-1,"") -> 3.1463849e-06 | AM4: ='Market Scenario'!W4 -> 320693 | AN4: =IFERROR('Market Scenario'!W4/'Market Scenario'!W$2-1,"") -> 0.0022411063 | AO4: ='Market Scenario'!X4 -> 475831.8 | AP4: =IFERROR('Market Scenario'!X4/'Market Scenario'!X$2-1,"") -> 0.00076598279 | AQ4: ='Market Scenario'!Y4 -> 1442573 | AR4: =IFERROR('Market Scenario'!Y4/'Market Scenario'!Y$2-1,"") -> -0.0030594333 | AS4: ='Market Scenario'!Z4 -> 47061.94 | AT4: =IFERROR('Market Scenario'!Z4/'Market Scenario'!Z$2-1,"") -> -0.00088103969 | AU4: ='Market Scenario'!AA4 -> 126835.5 | AV4: =IFERROR('Market Scenario'!AA4/'Market Scenario'!AA$2-1,"") -> 0.0019575362 | AW4: ='Market Scenario'!AB4 -> 475294.2 | AX4: =IFERROR('Market Scenario'!AB4/'Market Scenario'!AB$2-1,"") -> 0.00058208357 | AY4: ='Market Scenario'!AC4 -> 377873 | AZ4: =IFERROR('Market Scenario'!AC4/'Market Scenario'!AC$2-1,"") -> -0.00033492099 | BA4: ='Market Scenario'!AD4 -> 428780.7 | BB4: =IFERROR('Market Scenario'!AD4/'Market Scenario'!AD$2-1,"") -> -0.00044734792 | BC4: ='Market Scenario'!AE4 -> 98474 | BD4: =IFERROR('Market Scenario'!AE4/'Market Scenario'!AE$2-1,"") -> 0.0047707069 | BE4: ='Market Scenario'!AF4 -> 120780.8 | BF4: =IFERROR('Market Scenario'!AF4/'Market Scenario'!AF$2-1,"") -> -6.457563e-05 | BG4: ='Market Scenario'!AG4 -> 143866.7 | BH4: =IFERROR('Market Scenario'!AG4/'Market Scenario'!AG$2-1,"") -> 0.0041424356 | BI4: ='Market Scenario'!AH4 -> 189008.3 | BJ4: =IFERROR('Market Scenario'!AH4/'Market Scenario'!AH$2-1,"") -> 0.0033283558 | BK4: ='Market Scenario'!AI4 -> 105273.2 | BL4: =IFERROR('Market Scenario'!AI4/'Market Scenario'!AI$2-1,"") -> -0.00019374397 | BM4: ='Market Scenario'!AJ4 -> 156091.7 | BN4: =IFERROR('Market Scenario'!AJ4/'Market Scenario'!AJ$2-1,"") -> 0.0019185739 | BO4: ='Market Scenario'!AK4 -> 126571.1 | BP4: =IFERROR('Market Scenario'!AK4/'Market Scenario'!AK$2-1,"") -> -0.0002867131 | BQ4: ='Market Scenario'!AL4 -> 130458.1 | BR4: =IFERROR('Market Scenario'!AL4/'Market Scenario'!AL$2-1,"") -> -1.4563851e-05 | BS4: ='Market Scenario'!AM4 -> 145046.9 | BT4: =IFERROR('Market Scenario'!AM4/'Market Scenario'!AM$2-1,"") -> -0.0045699486 | BU4: ='Market Scenario'!AN4 -> 106020.1 | BV4: =IFERROR('Market Scenario'!AN4/'Market Scenario'!AN$2-1,"") -> 0.0023655123 | BW4: ='Market Scenario'!AO4 -> 157691.6 | BX4: =IFERROR('Market Scenario'!AO4/'Market Scenario'!AO$2-1,"") -> -0.00060967958 | BY4: ='Market Scenario'!AP4 -> 127843.4 | BZ4: =IFERROR('Market Scenario'!AP4/'Market Scenario'!AP$2-1,"") -> 0.00041787307 | CA4: ='Market Scenario'!AQ4 -> 113715 | CB4: =IFERROR('Market Scenario'!AQ4/'Market Scenario'!AQ$2-1,"") -> -0.00034811779 | CC4: ='Market Scenario'!AR4 -> 1481903 | CD4: =IFERROR('Market Scenario'!AR4/'Market Scenario'!AR$2-1,"") -> -0.0019705973 | CE4: ='Market Scenario'!AS4 -> 20195.79 | CF4: =IFERROR('Market Scenario'!AS4/'Market Scenario'!AS$2-1,"") -> 0.001014606 | CG4: ='Market Scenario'!AT4 -> 17077.34 | CH4: =IFERROR('Market Scenario'!AT4/'Market Scenario'!AT$2-1,"") -> -0.00045010164 | CI4: ='Market Scenario'!AU4 -> 122304.1 | CJ4: =IFERROR('Market Scenario'!AU4/'Market Scenario'!AU$2-1,"") -> -0.0016130388 | CK4: ='Market Scenario'!AV4 -> 214646.9 | CL4: =IFERROR('Market Scenario'!AV4/'Market Scenario'!AV$2-1,"") -> -0.0041278372 | CM4: ='Market Scenario'!AW4 -> 151.87 | CN4: =IFERROR('Market Scenario'!AW4/'Market Scenario'!AW$2-1,"") -> -0.00072377944 | CO4: ='Market Scenario'!AX4 -> 1298334 | CP4: =IFERROR('Market Scenario'!AX4/'Market Scenario'!AX$2-1,"") -> -0.0004472964 | CQ4: ='Market Scenario'!AY4 -> 4219440 | CR4: =IFERROR('Market Scenario'!AY4/'Market Scenario'!AY$2-1,"") -> -0.0019436298 | CS4: ='Market Scenario'!AZ4 -> 33733.43 | CT4: =IFERROR('Market Scenario'!AZ4/'Market Scenario'!AZ$2-1,"") -> 0.0044617029 | CU4: ='Market Scenario'!BA4 -> 679656.3 | CV4: =IFERROR('Market Scenario'!BA4/'Market Scenario'!BA$2-1,"") -> -0.00055320885 | CW4: ='Market Scenario'!BB4 -> 469769.6 | CX4: =IFERROR('Market Scenario'!BB4/'Market Scenario'!BB$2-1,"") -> -0.0046214573 | CY4: ='Market Scenario'!BC4 -> 42199.3 | CZ4: =IFERROR('Market Scenario'!BC4/'Market Scenario'!BC$2-1,"") -> 0.00057617072 | DA4: ='Market Scenario'!BD4 -> 54533.93 | DB4: =IFERROR('Market Scenario'!BD4/'Market Scenario'!BD$2-1,"") -> 0.002445364
A5: ='Market Scenario'!A5 -> Scenario 2 | B5: ='Market Scenario'!B5 -> 4 | C5: ='Market Scenario'!C5 -> 1 | D5: ='Market Scenario'!D5 -> Fake Positive News | E5: ='Market Scenario'!E5 -> 4 | F5: ='Market Scenario'!F5 -> TRADING | G5: ='Market Scenario'!G5 -> 154987.5 | H5: =IFERROR('Market Scenario'!G5/'Market Scenario'!G$2-1,"") -> 0.0064528572 | I5: ='Market Scenario'!H5 -> 207652.5 | J5: =IFERROR('Market Scenario'!H5/'Market Scenario'!H$2-1,"") -> -0.0065258006 | K5: ='Market Scenario'!I5 -> 161786.1 | L5: =IFERROR('Market Scenario'!I5/'Market Scenario'!I$2-1,"") -> 0.0004464675 | M5: ='Market Scenario'!J5 -> 267624.3 | N5: =IFERROR('Market Scenario'!J5/'Market Scenario'!J$2-1,"") -> 0.0023025398 | O5: ='Market Scenario'!K5 -> 535929.5 | P5: =IFERROR('Market Scenario'!K5/'Market Scenario'!K$2-1,"") -> -0.0057267285 | Q5: ='Market Scenario'!L5 -> 499675.3 | R5: =IFERROR('Market Scenario'!L5/'Market Scenario'!L$2-1,"") -> -0.0045547309 | S5: ='Market Scenario'!M5 -> 232054.4 | T5: =IFERROR('Market Scenario'!M5/'Market Scenario'!M$2-1,"") -> -0.0019165591 | U5: ='Market Scenario'!N5 -> 505229.2 | V5: =IFERROR('Market Scenario'!N5/'Market Scenario'!N$2-1,"") -> -0.007491123 | W5: ='Market Scenario'!O5 -> 704816.1 | X5: =IFERROR('Market Scenario'!O5/'Market Scenario'!O$2-1,"") -> -0.00034436839 | Y5: ='Market Scenario'!P5 -> 923530.1 | Z5: =IFERROR('Market Scenario'!P5/'Market Scenario'!P$2-1,"") -> 0.0059641326 | AA5: ='Market Scenario'!Q5 -> 465933.2 | AB5: =IFERROR('Market Scenario'!Q5/'Market Scenario'!Q$2-1,"") -> -0.0075266254 | AC5: ='Market Scenario'!R5 -> 293235.9 | AD5: =IFERROR('Market Scenario'!R5/'Market Scenario'!R$2-1,"") -> -0.0026997273 | AE5: ='Market Scenario'!S5 -> 1621320 | AF5: =IFERROR('Market Scenario'!S5/'Market Scenario'!S$2-1,"") -> -0.0047121049 | AG5: ='Market Scenario'!T5 -> 21000.12 | AH5: =IFERROR('Market Scenario'!T5/'Market Scenario'!T$2-1,"") -> -0.0069719627 | AI5: ='Market Scenario'!U5 -> 437853.4 | AJ5: =IFERROR('Market Scenario'!U5/'Market Scenario'!U$2-1,"") -> 0.0026253306 | AK5: ='Market Scenario'!V5 -> 44433.93 | AL5: =IFERROR('Market Scenario'!V5/'Market Scenario'!V$2-1,"") -> -0.0013839599 | AM5: ='Market Scenario'!W5 -> 320908.5 | AN5: =IFERROR('Market Scenario'!W5/'Market Scenario'!W$2-1,"") -> 0.0029145945 | AO5: ='Market Scenario'!X5 -> 475912.9 | AP5: =IFERROR('Market Scenario'!X5/'Market Scenario'!X$2-1,"") -> 0.00093655172 | AQ5: ='Market Scenario'!Y5 -> 1439709 | AR5: =IFERROR('Market Scenario'!Y5/'Market Scenario'!Y$2-1,"") -> -0.0050387008 | AS5: ='Market Scenario'!Z5 -> 47057.43 | AT5: =IFERROR('Market Scenario'!Z5/'Market Scenario'!Z$2-1,"") -> -0.00097678641 | AU5: ='Market Scenario'!AA5 -> 126757.8 | AV5: =IFERROR('Market Scenario'!AA5/'Market Scenario'!AA$2-1,"") -> 0.0013437324 | AW5: ='Market Scenario'!AB5 -> 475190.6 | AX5: =IFERROR('Market Scenario'!AB5/'Market Scenario'!AB$2-1,"") -> 0.00036398644 | AY5: ='Market Scenario'!AC5 -> 377866.5 | AZ5: =IFERROR('Market Scenario'!AC5/'Market Scenario'!AC$2-1,"") -> -0.00035211677 | BA5: ='Market Scenario'!AD5 -> 428758.7 | BB5: =IFERROR('Market Scenario'!AD5/'Market Scenario'!AD$2-1,"") -> -0.00049863325 | BC5: ='Market Scenario'!AE5 -> 98720.37 | BD5: =IFERROR('Market Scenario'!AE5/'Market Scenario'!AE$2-1,"") -> 0.0072845213 | BE5: ='Market Scenario'!AF5 -> 120812.6 | BF5: =IFERROR('Market Scenario'!AF5/'Market Scenario'!AF$2-1,"") -> 0.00019869425 | BG5: ='Market Scenario'!AG5 -> 144138 | BH5: =IFERROR('Market Scenario'!AG5/'Market Scenario'!AG$2-1,"") -> 0.0060360207 | BI5: ='Market Scenario'!AH5 -> 189280 | BJ5: =IFERROR('Market Scenario'!AH5/'Market Scenario'!AH$2-1,"") -> 0.0047706434 | BK5: ='Market Scenario'!AI5 -> 105337.6 | BL5: =IFERROR('Market Scenario'!AI5/'Market Scenario'!AI$2-1,"") -> 0.00041787915 | BM5: ='Market Scenario'!AJ5 -> 156325.9 | BN5: =IFERROR('Market Scenario'!AJ5/'Market Scenario'!AJ$2-1,"") -> 0.0034218526 | BO5: ='Market Scenario'!AK5 -> 126479.6 | BP5: =IFERROR('Market Scenario'!AK5/'Market Scenario'!AK$2-1,"") -> -0.0010094197 | BQ5: ='Market Scenario'!AL5 -> 130466.8 | BR5: =IFERROR('Market Scenario'!AL5/'Market Scenario'!AL$2-1,"") -> 5.2123256e-05 | BS5: ='Market Scenario'!AM5 -> 144747.9 | BT5: =IFERROR('Market Scenario'!AM5/'Market Scenario'!AM$2-1,"") -> -0.0066219303 | BU5: ='Market Scenario'!AN5 -> 106051.9 | BV5: =IFERROR('Market Scenario'!AN5/'Market Scenario'!AN$2-1,"") -> 0.0026661649 | BW5: ='Market Scenario'!AO5 -> 157652 | BX5: =IFERROR('Market Scenario'!AO5/'Market Scenario'!AO$2-1,"") -> -0.00086064956 | BY5: ='Market Scenario'!AP5 -> 127833.5 | BZ5: =IFERROR('Market Scenario'!AP5/'Market Scenario'!AP$2-1,"") -> 0.00034040222 | CA5: ='Market Scenario'!AQ5 -> 113744.4 | CB5: =IFERROR('Market Scenario'!AQ5/'Market Scenario'!AQ$2-1,"") -> -8.9666704e-05 | CC5: ='Market Scenario'!AR5 -> 1479954 | CD5: =IFERROR('Market Scenario'!AR5/'Market Scenario'!AR$2-1,"") -> -0.0032832063 | CE5: ='Market Scenario'!AS5 -> 20211.21 | CF5: =IFERROR('Market Scenario'!AS5/'Market Scenario'!AS$2-1,"") -> 0.0017789061 | CG5: ='Market Scenario'!AT5 -> 17053.83 | CH5: =IFERROR('Market Scenario'!AT5/'Market Scenario'!AT$2-1,"") -> -0.0018261601 | CI5: ='Market Scenario'!AU5 -> 122293.4 | CJ5: =IFERROR('Market Scenario'!AU5/'Market Scenario'!AU$2-1,"") -> -0.0017003846 | CK5: ='Market Scenario'!AV5 -> 214320.3 | CL5: =IFERROR('Market Scenario'!AV5/'Market Scenario'!AV$2-1,"") -> -0.0056431251 | CM5: ='Market Scenario'!AW5 -> 151.94 | CN5: =IFERROR('Market Scenario'!AW5/'Market Scenario'!AW$2-1,"") -> -0.00026319253 | CO5: ='Market Scenario'!AX5 -> 1297102 | CP5: =IFERROR('Market Scenario'!AX5/'Market Scenario'!AX$2-1,"") -> -0.0013957803 | CQ5: ='Market Scenario'!AY5 -> 4213606 | CR5: =IFERROR('Market Scenario'!AY5/'Market Scenario'!AY$2-1,"") -> -0.0033235903 | CS5: ='Market Scenario'!AZ5 -> 33803.91 | CT5: =IFERROR('Market Scenario'!AZ5/'Market Scenario'!AZ$2-1,"") -> 0.0065603469 | CU5: ='Market Scenario'!BA5 -> 679177.9 | CV5: =IFERROR('Market Scenario'!BA5/'Market Scenario'!BA$2-1,"") -> -0.0012567046 | CW5: ='Market Scenario'!BB5 -> 468852.2 | CX5: =IFERROR('Market Scenario'!BB5/'Market Scenario'!BB$2-1,"") -> -0.0065653044 | CY5: ='Market Scenario'!BC5 -> 42209.99 | CZ5: =IFERROR('Market Scenario'!BC5/'Market Scenario'!BC$2-1,"") -> 0.00082963841 | DA5: ='Market Scenario'!BD5 -> 54564.59 | DB5: =IFERROR('Market Scenario'!BD5/'Market Scenario'!BD$2-1,"") -> 0.0030089576
A6: ='Market Scenario'!A6 -> Scenario 2 | B6: ='Market Scenario'!B6 -> 5 | C6: ='Market Scenario'!C6 -> 1 | D6: ='Market Scenario'!D6 -> Fake Positive News | E6: ='Market Scenario'!E6 -> 5 | F6: ='Market Scenario'!F6 -> TRADING | G6: ='Market Scenario'!G6 -> 155043.9 | H6: =IFERROR('Market Scenario'!G6/'Market Scenario'!G$2-1,"") -> 0.0068191057 | I6: ='Market Scenario'!H6 -> 207299 | J6: =IFERROR('Market Scenario'!H6/'Market Scenario'!H$2-1,"") -> -0.0082170546 | K6: ='Market Scenario'!I6 -> 161843.4 | L6: =IFERROR('Market Scenario'!I6/'Market Scenario'!I$2-1,"") -> 0.00080079696 | M6: ='Market Scenario'!J6 -> 267527.7 | N6: =IFERROR('Market Scenario'!J6/'Market Scenario'!J$2-1,"") -> 0.0019407549 | O6: ='Market Scenario'!K6 -> 534831.5 | P6: =IFERROR('Market Scenario'!K6/'Market Scenario'!K$2-1,"") -> -0.0077637726 | Q6: ='Market Scenario'!L6 -> 498657.9 | R6: =IFERROR('Market Scenario'!L6/'Market Scenario'!L$2-1,"") -> -0.0065815791 | S6: ='Market Scenario'!M6 -> 231711.5 | T6: =IFERROR('Market Scenario'!M6/'Market Scenario'!M$2-1,"") -> -0.0033913978 | U6: ='Market Scenario'!N6 -> 503825.8 | V6: =IFERROR('Market Scenario'!N6/'Market Scenario'!N$2-1,"") -> -0.010248064 | W6: ='Market Scenario'!O6 -> 704721.2 | X6: =IFERROR('Market Scenario'!O6/'Market Scenario'!O$2-1,"") -> -0.00047896708 | Y6: ='Market Scenario'!P6 -> 926458.5 | Z6: =IFERROR('Market Scenario'!P6/'Market Scenario'!P$2-1,"") -> 0.0091539208 | AA6: ='Market Scenario'!Q6 -> 464584 | AB6: =IFERROR('Market Scenario'!Q6/'Market Scenario'!Q$2-1,"") -> -0.010400525 | AC6: ='Market Scenario'!R6 -> 292865.8 | AD6: =IFERROR('Market Scenario'!R6/'Market Scenario'!R$2-1,"") -> -0.0039584437 | AE6: ='Market Scenario'!S6 -> 1618992 | AF6: =IFERROR('Market Scenario'!S6/'Market Scenario'!S$2-1,"") -> -0.006141206 | AG6: ='Market Scenario'!T6 -> 20942.91 | AH6: =IFERROR('Market Scenario'!T6/'Market Scenario'!T$2-1,"") -> -0.0096772394 | AI6: ='Market Scenario'!U6 -> 438436.7 | AJ6: =IFERROR('Market Scenario'!U6/'Market Scenario'!U$2-1,"") -> 0.0039610091 | AK6: ='Market Scenario'!V6 -> 44391.57 | AL6: =IFERROR('Market Scenario'!V6/'Market Scenario'!V$2-1,"") -> -0.002335966 | AM6: ='Market Scenario'!W6 -> 321350.6 | AN6: =IFERROR('Market Scenario'!W6/'Market Scenario'!W$2-1,"") -> 0.0042962611 | AO6: ='Market Scenario'!X6 -> 475844.3 | AP6: =IFERROR('Market Scenario'!X6/'Market Scenario'!X$2-1,"") -> 0.0007922727 | AQ6: ='Market Scenario'!Y6 -> 1436938 | AR6: =IFERROR('Market Scenario'!Y6/'Market Scenario'!Y$2-1,"") -> -0.0069536973 | AS6: ='Market Scenario'!Z6 -> 47056.68 | AT6: =IFERROR('Market Scenario'!Z6/'Market Scenario'!Z$2-1,"") -> -0.00099270881 | AU6: ='Market Scenario'!AA6 -> 126847.7 | AV6: =IFERROR('Market Scenario'!AA6/'Market Scenario'!AA$2-1,"") -> 0.002053912 | AW6: ='Market Scenario'!AB6 -> 474843.6 | AX6: =IFERROR('Market Scenario'!AB6/'Market Scenario'!AB$2-1,"") -> -0.00036651266 | AY6: ='Market Scenario'!AC6 -> 377951.6 | AZ6: =IFERROR('Market Scenario'!AC6/'Market Scenario'!AC$2-1,"") -> -0.00012698426 | BA6: ='Market Scenario'!AD6 -> 428496.5 | BB6: =IFERROR('Market Scenario'!AD6/'Market Scenario'!AD$2-1,"") -> -0.0011098611 | BC6: ='Market Scenario'!AE6 -> 98831.17 | BD6: =IFERROR('Market Scenario'!AE6/'Market Scenario'!AE$2-1,"") -> 0.0084150593 | BE6: ='Market Scenario'!AF6 -> 120824.8 | BF6: =IFERROR('Market Scenario'!AF6/'Market Scenario'!AF$2-1,"") -> 0.00029969716 | BG6: ='Market Scenario'!AG6 -> 144498.7 | BH6: =IFERROR('Market Scenario'!AG6/'Market Scenario'!AG$2-1,"") -> 0.0085535885 | BI6: ='Market Scenario'!AH6 -> 189484.4 | BJ6: =IFERROR('Market Scenario'!AH6/'Market Scenario'!AH$2-1,"") -> 0.0058556768 | BK6: ='Market Scenario'!AI6 -> 105333.1 | BL6: =IFERROR('Market Scenario'!AI6/'Market Scenario'!AI$2-1,"") -> 0.00037514151 | BM6: ='Market Scenario'!AJ6 -> 156519.7 | BN6: =IFERROR('Market Scenario'!AJ6/'Market Scenario'!AJ$2-1,"") -> 0.0046658125 | BO6: ='Market Scenario'!AK6 -> 126279.6 | BP6: =IFERROR('Market Scenario'!AK6/'Market Scenario'!AK$2-1,"") -> -0.0025891062 | BQ6: ='Market Scenario'!AL6 -> 130472.3 | BR6: =IFERROR('Market Scenario'!AL6/'Market Scenario'!AL$2-1,"") -> 9.4281772e-05 | BS6: ='Market Scenario'!AM6 -> 144465.6 | BT6: =IFERROR('Market Scenario'!AM6/'Market Scenario'!AM$2-1,"") -> -0.008559303 | BU6: ='Market Scenario'!AN6 -> 105946.8 | BV6: =IFERROR('Market Scenario'!AN6/'Market Scenario'!AN$2-1,"") -> 0.0016724985 | BW6: ='Market Scenario'!AO6 -> 157621.3 | BX6: =IFERROR('Market Scenario'!AO6/'Market Scenario'!AO$2-1,"") -> -0.0010552147 | BY6: ='Market Scenario'!AP6 -> 127828.4 | BZ6: =IFERROR('Market Scenario'!AP6/'Market Scenario'!AP$2-1,"") -> 0.000300493 | CA6: ='Market Scenario'!AQ6 -> 113724.7 | CB6: =IFERROR('Market Scenario'!AQ6/'Market Scenario'!AQ$2-1,"") -> -0.00026284651 | CC6: ='Market Scenario'!AR6 -> 1479084 | CD6: =IFERROR('Market Scenario'!AR6/'Market Scenario'!AR$2-1,"") -> -0.0038691324 | CE6: ='Market Scenario'!AS6 -> 20206.76 | CF6: =IFERROR('Market Scenario'!AS6/'Market Scenario'!AS$2-1,"") -> 0.0015583396 | CG6: ='Market Scenario'!AT6 -> 17039.37 | CH6: =IFERROR('Market Scenario'!AT6/'Market Scenario'!AT$2-1,"") -> -0.0026725151 | CI6: ='Market Scenario'!AU6 -> 122146.5 | CJ6: =IFERROR('Market Scenario'!AU6/'Market Scenario'!AU$2-1,"") -> -0.0028995516 | CK6: ='Market Scenario'!AV6 -> 213811.4 | CL6: =IFERROR('Market Scenario'!AV6/'Market Scenario'!AV$2-1,"") -> -0.008004209 | CM6: ='Market Scenario'!AW6 -> 152.13 | CN6: =IFERROR('Market Scenario'!AW6/'Market Scenario'!AW$2-1,"") -> 0.00098697197 | CO6: ='Market Scenario'!AX6 -> 1293458 | CP6: =IFERROR('Market Scenario'!AX6/'Market Scenario'!AX$2-1,"") -> -0.0042011987 | CQ6: ='Market Scenario'!AY6 -> 4211795 | CR6: =IFERROR('Market Scenario'!AY6/'Market Scenario'!AY$2-1,"") -> -0.00375196 | CS6: ='Market Scenario'!AZ6 -> 33871.96 | CT6: =IFERROR('Market Scenario'!AZ6/'Market Scenario'!AZ$2-1,"") -> 0.0085866341 | CU6: ='Market Scenario'!BA6 -> 678866.6 | CV6: =IFERROR('Market Scenario'!BA6/'Market Scenario'!BA$2-1,"") -> -0.0017144769 | CW6: ='Market Scenario'!BB6 -> 468316.8 | CX6: =IFERROR('Market Scenario'!BB6/'Market Scenario'!BB$2-1,"") -> -0.0076997449 | CY6: ='Market Scenario'!BC6 -> 42209.47 | CZ6: =IFERROR('Market Scenario'!BC6/'Market Scenario'!BC$2-1,"") -> 0.00081730883 | DA6: ='Market Scenario'!BD6 -> 54616.51 | DB6: =IFERROR('Market Scenario'!BD6/'Market Scenario'!BD$2-1,"") -> 0.0039633535
A7: ='Market Scenario'!A7 -> Scenario 2 | B7: ='Market Scenario'!B7 -> 6 | C7: ='Market Scenario'!C7 -> 1 | D7: ='Market Scenario'!D7 -> Fake Positive News | E7: ='Market Scenario'!E7 -> 6 | F7: ='Market Scenario'!F7 -> TRADING | G7: ='Market Scenario'!G7 -> 155419.6 | H7: =IFERROR('Market Scenario'!G7/'Market Scenario'!G$2-1,"") -> 0.0092588143 | I7: ='Market Scenario'!H7 -> 206847.2 | J7: =IFERROR('Market Scenario'!H7/'Market Scenario'!H$2-1,"") -> -0.010378606 | K7: ='Market Scenario'!I7 -> 161858.2 | L7: =IFERROR('Market Scenario'!I7/'Market Scenario'!I$2-1,"") -> 0.00089231662 | M7: ='Market Scenario'!J7 -> 267724.5 | N7: =IFERROR('Market Scenario'!J7/'Market Scenario'!J$2-1,"") -> 0.0026778073 | O7: ='Market Scenario'!K7 -> 533669.4 | P7: =IFERROR('Market Scenario'!K7/'Market Scenario'!K$2-1,"") -> -0.0099197371 | Q7: ='Market Scenario'!L7 -> 497906.1 | R7: =IFERROR('Market Scenario'!L7/'Market Scenario'!L$2-1,"") -> -0.0080793033 | S7: ='Market Scenario'!M7 -> 231474.6 | T7: =IFERROR('Market Scenario'!M7/'Market Scenario'!M$2-1,"") -> -0.0044103226 | U7: ='Market Scenario'!N7 -> 502275.8 | V7: =IFERROR('Market Scenario'!N7/'Market Scenario'!N$2-1,"") -> -0.013292996 | W7: ='Market Scenario'!O7 -> 705022.6 | X7: =IFERROR('Market Scenario'!O7/'Market Scenario'!O$2-1,"") -> -5.148506e-05 | Y7: ='Market Scenario'!P7 -> 929435 | Z7: =IFERROR('Market Scenario'!P7/'Market Scenario'!P$2-1,"") -> 0.012396102 | AA7: ='Market Scenario'!Q7 -> 463316.3 | AB7: =IFERROR('Market Scenario'!Q7/'Market Scenario'!Q$2-1,"") -> -0.013100823 | AC7: ='Market Scenario'!R7 -> 292825.5 | AD7: =IFERROR('Market Scenario'!R7/'Market Scenario'!R$2-1,"") -> -0.0040955046 | AE7: ='Market Scenario'!S7 -> 1614799 | AF7: =IFERROR('Market Scenario'!S7/'Market Scenario'!S$2-1,"") -> -0.0087151841 | AG7: ='Market Scenario'!T7 -> 20894.15 | AH7: =IFERROR('Market Scenario'!T7/'Market Scenario'!T$2-1,"") -> -0.011982943 | AI7: ='Market Scenario'!U7 -> 439061 | AJ7: =IFERROR('Market Scenario'!U7/'Market Scenario'!U$2-1,"") -> 0.005390572 | AK7: ='Market Scenario'!V7 -> 44394.39 | AL7: =IFERROR('Market Scenario'!V7/'Market Scenario'!V$2-1,"") -> -0.0022725889 | AM7: ='Market Scenario'!W7 -> 321909.2 | AN7: =IFERROR('Market Scenario'!W7/'Market Scenario'!W$2-1,"") -> 0.0060420175 | AO7: ='Market Scenario'!X7 -> 475992.3 | AP7: =IFERROR('Market Scenario'!X7/'Market Scenario'!X$2-1,"") -> 0.0011035452 | AQ7: ='Market Scenario'!Y7 -> 1434924 | AR7: =IFERROR('Market Scenario'!Y7/'Market Scenario'!Y$2-1,"") -> -0.0083455425 | AS7: ='Market Scenario'!Z7 -> 47045.98 | AT7: =IFERROR('Market Scenario'!Z7/'Market Scenario'!Z$2-1,"") -> -0.0012198684 | AU7: ='Market Scenario'!AA7 -> 126870.9 | AV7: =IFERROR('Market Scenario'!AA7/'Market Scenario'!AA$2-1,"") -> 0.0022371842 | AW7: ='Market Scenario'!AB7 -> 474551.8 | AX7: =IFERROR('Market Scenario'!AB7/'Market Scenario'!AB$2-1,"") -> -0.00098080556 | AY7: ='Market Scenario'!AC7 -> 377881.2 | AZ7: =IFERROR('Market Scenario'!AC7/'Market Scenario'!AC$2-1,"") -> -0.00031322784 | BA7: ='Market Scenario'!AD7 -> 428240.6 | BB7: =IFERROR('Market Scenario'!AD7/'Market Scenario'!AD$2-1,"") -> -0.0017064027 | BC7: ='Market Scenario'!AE7 -> 99015.68 | BD7: =IFERROR('Market Scenario'!AE7/'Market Scenario'!AE$2-1,"") -> 0.010297691 | BE7: ='Market Scenario'!AF7 -> 120803.2 | BF7: =IFERROR('Market Scenario'!AF7/'Market Scenario'!AF$2-1,"") -> 0.00012087233 | BG7: ='Market Scenario'!AG7 -> 144825.8 | BH7: =IFERROR('Market Scenario'!AG7/'Market Scenario'!AG$2-1,"") -> 0.010836639 | BI7: ='Market Scenario'!AH7 -> 189960.9 | BJ7: =IFERROR('Market Scenario'!AH7/'Market Scenario'!AH$2-1,"") -> 0.008385121 | BK7: ='Market Scenario'!AI7 -> 105345.5 | BL7: =IFERROR('Market Scenario'!AI7/'Market Scenario'!AI$2-1,"") -> 0.00049290745 | BM7: ='Market Scenario'!AJ7 -> 156740.1 | BN7: =IFERROR('Market Scenario'!AJ7/'Market Scenario'!AJ$2-1,"") -> 0.0060805121 | BO7: ='Market Scenario'!AK7 -> 126246.1 | BP7: =IFERROR('Market Scenario'!AK7/'Market Scenario'!AK$2-1,"") -> -0.0028537037 | BQ7: ='Market Scenario'!AL7 -> 130490 | BR7: =IFERROR('Market Scenario'!AL7/'Market Scenario'!AL$2-1,"") -> 0.00022995554 | BS7: ='Market Scenario'!AM7 -> 144205.7 | BT7: =IFERROR('Market Scenario'!AM7/'Market Scenario'!AM$2-1,"") -> -0.010342949 | BU7: ='Market Scenario'!AN7 -> 106127.9 | BV7: =IFERROR('Market Scenario'!AN7/'Market Scenario'!AN$2-1,"") -> 0.0033847059 | BW7: ='Market Scenario'!AO7 -> 157685.8 | BX7: =IFERROR('Market Scenario'!AO7/'Market Scenario'!AO$2-1,"") -> -0.00064643781 | BY7: ='Market Scenario'!AP7 -> 127814.6 | BZ7: =IFERROR('Market Scenario'!AP7/'Market Scenario'!AP$2-1,"") -> 0.00019250333 | CA7: ='Market Scenario'!AQ7 -> 113679.8 | CB7: =IFERROR('Market Scenario'!AQ7/'Market Scenario'!AQ$2-1,"") -> -0.00065755583 | CC7: ='Market Scenario'!AR7 -> 1479227 | CD7: =IFERROR('Market Scenario'!AR7/'Market Scenario'!AR$2-1,"") -> -0.003772825 | CE7: ='Market Scenario'!AS7 -> 20198.38 | CF7: =IFERROR('Market Scenario'!AS7/'Market Scenario'!AS$2-1,"") -> 0.0011429806 | CG7: ='Market Scenario'!AT7 -> 17014.47 | CH7: =IFERROR('Market Scenario'!AT7/'Market Scenario'!AT$2-1,"") -> -0.0041299313 | CI7: ='Market Scenario'!AU7 -> 122115.8 | CJ7: =IFERROR('Market Scenario'!AU7/'Market Scenario'!AU$2-1,"") -> -0.0031501604 | CK7: ='Market Scenario'!AV7 -> 213349.7 | CL7: =IFERROR('Market Scenario'!AV7/'Market Scenario'!AV$2-1,"") -> -0.010146305 | CM7: ='Market Scenario'!AW7 -> 152.33 | CN7: =IFERROR('Market Scenario'!AW7/'Market Scenario'!AW$2-1,"") -> 0.0023029346 | CO7: ='Market Scenario'!AX7 -> 1291950 | CP7: =IFERROR('Market Scenario'!AX7/'Market Scenario'!AX$2-1,"") -> -0.0053621677 | CQ7: ='Market Scenario'!AY7 -> 4206536 | CR7: =IFERROR('Market Scenario'!AY7/'Market Scenario'!AY$2-1,"") -> -0.0049959114 | CS7: ='Market Scenario'!AZ7 -> 33948.4 | CT7: =IFERROR('Market Scenario'!AZ7/'Market Scenario'!AZ$2-1,"") -> 0.010862746 | CU7: ='Market Scenario'!BA7 -> 678640.5 | CV7: =IFERROR('Market Scenario'!BA7/'Market Scenario'!BA$2-1,"") -> -0.002046961 | CW7: ='Market Scenario'!BB7 -> 467508.9 | CX7: =IFERROR('Market Scenario'!BB7/'Market Scenario'!BB$2-1,"") -> -0.0094115763 | CY7: ='Market Scenario'!BC7 -> 42204.72 | CZ7: =IFERROR('Market Scenario'!BC7/'Market Scenario'!BC$2-1,"") -> 0.00070468287 | DA7: ='Market Scenario'!BD7 -> 54630.25 | DB7: =IFERROR('Market Scenario'!BD7/'Market Scenario'!BD$2-1,"") -> 0.0042159229
A8: ='Market Scenario'!A8 -> Scenario 2 | B8: ='Market Scenario'!B8 -> 7 | C8: ='Market Scenario'!C8 -> 1 | D8: ='Market Scenario'!D8 -> Fake Positive News | E8: ='Market Scenario'!E8 -> 7 | F8: ='Market Scenario'!F8 -> TRADING | G8: ='Market Scenario'!G8 -> 155753 | H8: =IFERROR('Market Scenario'!G8/'Market Scenario'!G$2-1,"") -> 0.011423837 | I8: ='Market Scenario'!H8 -> 206385.1 | J8: =IFERROR('Market Scenario'!H8/'Market Scenario'!H$2-1,"") -> -0.012589437 | K8: ='Market Scenario'!I8 -> 161879.8 | L8: =IFERROR('Market Scenario'!I8/'Market Scenario'!I$2-1,"") -> 0.0010258858 | M8: ='Market Scenario'!J8 -> 267966.8 | N8: =IFERROR('Market Scenario'!J8/'Market Scenario'!J$2-1,"") -> 0.0035852657 | O8: ='Market Scenario'!K8 -> 532377.7 | P8: =IFERROR('Market Scenario'!K8/'Market Scenario'!K$2-1,"") -> -0.01231614 | Q8: ='Market Scenario'!L8 -> 497054.4 | R8: =IFERROR('Market Scenario'!L8/'Market Scenario'!L$2-1,"") -> -0.0097760466 | S8: ='Market Scenario'!M8 -> 231145.2 | T8: =IFERROR('Market Scenario'!M8/'Market Scenario'!M$2-1,"") -> -0.0058270968 | U8: ='Market Scenario'!N8 -> 500742.5 | V8: =IFERROR('Market Scenario'!N8/'Market Scenario'!N$2-1,"") -> -0.016305122 | W8: ='Market Scenario'!O8 -> 705080.7 | X8: =IFERROR('Market Scenario'!O8/'Market Scenario'!O$2-1,"") -> 3.0919403e-05 | Y8: ='Market Scenario'!P8 -> 932335.4 | Z8: =IFERROR('Market Scenario'!P8/'Market Scenario'!P$2-1,"") -> 0.015555391 | AA8: ='Market Scenario'!Q8 -> 462079.5 | AB8: =IFERROR('Market Scenario'!Q8/'Market Scenario'!Q$2-1,"") -> -0.015735301 | AC8: ='Market Scenario'!R8 -> 292717 | AD8: =IFERROR('Market Scenario'!R8/'Market Scenario'!R$2-1,"") -> -0.004464515 | AE8: ='Market Scenario'!S8 -> 1612451 | AF8: =IFERROR('Market Scenario'!S8/'Market Scenario'!S$2-1,"") -> -0.010156563 | AG8: ='Market Scenario'!T8 -> 20845.85 | AH8: =IFERROR('Market Scenario'!T8/'Market Scenario'!T$2-1,"") -> -0.014266894 | AI8: ='Market Scenario'!U8 -> 439682.6 | AJ8: =IFERROR('Market Scenario'!U8/'Market Scenario'!U$2-1,"") -> 0.0068139523 | AK8: ='Market Scenario'!V8 -> 44361.89 | AL8: =IFERROR('Market Scenario'!V8/'Market Scenario'!V$2-1,"") -> -0.0030029996 | AM8: ='Market Scenario'!W8 -> 322313.1 | AN8: =IFERROR('Market Scenario'!W8/'Market Scenario'!W$2-1,"") -> 0.0073043001 | AO8: ='Market Scenario'!X8 -> 476260.3 | AP8: =IFERROR('Market Scenario'!X8/'Market Scenario'!X$2-1,"") -> 0.0016672009 | AQ8: ='Market Scenario'!Y8 -> 1433236 | AR8: =IFERROR('Market Scenario'!Y8/'Market Scenario'!Y$2-1,"") -> -0.009512094 | AS8: ='Market Scenario'!Z8 -> 47047.67 | AT8: =IFERROR('Market Scenario'!Z8/'Market Scenario'!Z$2-1,"") -> -0.00118399 | AU8: ='Market Scenario'!AA8 -> 126800.9 | AV8: =IFERROR('Market Scenario'!AA8/'Market Scenario'!AA$2-1,"") -> 0.0016842079 | AW8: ='Market Scenario'!AB8 -> 474461.8 | AX8: =IFERROR('Market Scenario'!AB8/'Market Scenario'!AB$2-1,"") -> -0.0011702722 | AY8: ='Market Scenario'!AC8 -> 377949.1 | AZ8: =IFERROR('Market Scenario'!AC8/'Market Scenario'!AC$2-1,"") -> -0.00013359802 | BA8: ='Market Scenario'!AD8 -> 428184.8 | BB8: =IFERROR('Market Scenario'!AD8/'Market Scenario'!AD$2-1,"") -> -0.0018364809 | BC8: ='Market Scenario'!AE8 -> 99336.81 | BD8: =IFERROR('Market Scenario'!AE8/'Market Scenario'!AE$2-1,"") -> 0.013574312 | BE8: ='Market Scenario'!AF8 -> 120778.8 | BF8: =IFERROR('Market Scenario'!AF8/'Market Scenario'!AF$2-1,"") -> -8.1133484e-05 | BG8: ='Market Scenario'!AG8 -> 145202.5 | BH8: =IFERROR('Market Scenario'!AG8/'Market Scenario'!AG$2-1,"") -> 0.013465882 | BI8: ='Market Scenario'!AH8 -> 190116.1 | BJ8: =IFERROR('Market Scenario'!AH8/'Market Scenario'!AH$2-1,"") -> 0.009208982 | BK8: ='Market Scenario'!AI8 -> 105344.7 | BL8: =IFERROR('Market Scenario'!AI8/'Market Scenario'!AI$2-1,"") -> 0.00048530965 | BM8: ='Market Scenario'!AJ8 -> 157011.7 | BN8: =IFERROR('Market Scenario'!AJ8/'Market Scenario'!AJ$2-1,"") -> 0.0078238532 | BO8: ='Market Scenario'!AK8 -> 126078.3 | BP8: =IFERROR('Market Scenario'!AK8/'Market Scenario'!AK$2-1,"") -> -0.0041790606 | BQ8: ='Market Scenario'!AL8 -> 130477.8 | BR8: =IFERROR('Market Scenario'!AL8/'Market Scenario'!AL$2-1,"") -> 0.00013644029 | BS8: ='Market Scenario'!AM8 -> 143982.2 | BT8: =IFERROR('Market Scenario'!AM8/'Market Scenario'!AM$2-1,"") -> -0.011876788 | BU8: ='Market Scenario'!AN8 -> 106220.5 | BV8: =IFERROR('Market Scenario'!AN8/'Market Scenario'!AN$2-1,"") -> 0.0042601912 | BW8: ='Market Scenario'!AO8 -> 157614.5 | BX8: =IFERROR('Market Scenario'!AO8/'Market Scenario'!AO$2-1,"") -> -0.0010983105 | BY8: ='Market Scenario'!AP8 -> 127786.5 | BZ8: =IFERROR('Market Scenario'!AP8/'Market Scenario'!AP$2-1,"") -> -2.7388685e-05 | CA8: ='Market Scenario'!AQ8 -> 113694.8 | CB8: =IFERROR('Market Scenario'!AQ8/'Market Scenario'!AQ$2-1,"") -> -0.00052569303 | CC8: ='Market Scenario'!AR8 -> 1478673 | CD8: =IFERROR('Market Scenario'!AR8/'Market Scenario'!AR$2-1,"") -> -0.004145932 | CE8: ='Market Scenario'!AS8 -> 20188.06 | CF8: =IFERROR('Market Scenario'!AS8/'Market Scenario'!AS$2-1,"") -> 0.00063146458 | CG8: ='Market Scenario'!AT8 -> 16997.95 | CH8: =IFERROR('Market Scenario'!AT8/'Market Scenario'!AT$2-1,"") -> -0.0050968596 | CI8: ='Market Scenario'!AU8 -> 122059.2 | CJ8: =IFERROR('Market Scenario'!AU8/'Market Scenario'!AU$2-1,"") -> -0.0036121948 | CK8: ='Market Scenario'!AV8 -> 212823.6 | CL8: =IFERROR('Market Scenario'!AV8/'Market Scenario'!AV$2-1,"") -> -0.012587189 | CM8: ='Market Scenario'!AW8 -> 152.43 | CN8: =IFERROR('Market Scenario'!AW8/'Market Scenario'!AW$2-1,"") -> 0.0029609159 | CO8: ='Market Scenario'!AX8 -> 1291310 | CP8: =IFERROR('Market Scenario'!AX8/'Market Scenario'!AX$2-1,"") -> -0.0058548866 | CQ8: ='Market Scenario'!AY8 -> 4204625 | CR8: =IFERROR('Market Scenario'!AY8/'Market Scenario'!AY$2-1,"") -> -0.0054479349 | CS8: ='Market Scenario'!AZ8 -> 34025.81 | CT8: =IFERROR('Market Scenario'!AZ8/'Market Scenario'!AZ$2-1,"") -> 0.013167741 | CU8: ='Market Scenario'!BA8 -> 678880.4 | CV8: =IFERROR('Market Scenario'!BA8/'Market Scenario'!BA$2-1,"") -> -0.0016941837 | CW8: ='Market Scenario'!BB8 -> 466533.5 | CX8: =IFERROR('Market Scenario'!BB8/'Market Scenario'!BB$2-1,"") -> -0.011478318 | CY8: ='Market Scenario'!BC8 -> 42202.33 | CZ8: =IFERROR('Market Scenario'!BC8/'Market Scenario'!BC$2-1,"") -> 0.00064801423 | DA8: ='Market Scenario'!BD8 -> 54735.29 | DB8: =IFERROR('Market Scenario'!BD8/'Market Scenario'!BD$2-1,"") -> 0.0061467733
A9: ='Market Scenario'!A9 -> Scenario 2 | B9: ='Market Scenario'!B9 -> 8 | C9: ='Market Scenario'!C9 -> 1 | D9: ='Market Scenario'!D9 -> Fake Positive News | E9: ='Market Scenario'!E9 -> 8 | F9: ='Market Scenario'!F9 -> TRADING | G9: ='Market Scenario'!G9 -> 155973.8 | H9: =IFERROR('Market Scenario'!G9/'Market Scenario'!G$2-1,"") -> 0.01285766 | I9: ='Market Scenario'!H9 -> 205966.6 | J9: =IFERROR('Market Scenario'!H9/'Market Scenario'!H$2-1,"") -> -0.014591671 | K9: ='Market Scenario'!I9 -> 161866.7 | L9: =IFERROR('Market Scenario'!I9/'Market Scenario'!I$2-1,"") -> 0.00094487858 | M9: ='Market Scenario'!J9 -> 268446.2 | N9: =IFERROR('Market Scenario'!J9/'Market Scenario'!J$2-1,"") -> 0.0053807074 | O9: ='Market Scenario'!K9 -> 530870.6 | P9: =IFERROR('Market Scenario'!K9/'Market Scenario'!K$2-1,"") -> -0.015112159 | Q9: ='Market Scenario'!L9 -> 496132.7 | R9: =IFERROR('Market Scenario'!L9/'Market Scenario'!L$2-1,"") -> -0.011612243 | S9: ='Market Scenario'!M9 -> 230946.5 | T9: =IFERROR('Market Scenario'!M9/'Market Scenario'!M$2-1,"") -> -0.0066817204 | U9: ='Market Scenario'!N9 -> 499513.3 | V9: =IFERROR('Market Scenario'!N9/'Market Scenario'!N$2-1,"") -> -0.018719851 | W9: ='Market Scenario'!O9 -> 705077.8 | X9: =IFERROR('Market Scenario'!O9/'Market Scenario'!O$2-1,"") -> 2.6806271e-05 | Y9: ='Market Scenario'!P9 -> 935333.5 | Z9: =IFERROR('Market Scenario'!P9/'Market Scenario'!P$2-1,"") -> 0.018821101 | AA9: ='Market Scenario'!Q9 -> 460350.7 | AB9: =IFERROR('Market Scenario'!Q9/'Market Scenario'!Q$2-1,"") -> -0.019417778 | AC9: ='Market Scenario'!R9 -> 292066.9 | AD9: =IFERROR('Market Scenario'!R9/'Market Scenario'!R$2-1,"") -> -0.0066755161 | AE9: ='Market Scenario'!S9 -> 1609257 | AF9: =IFERROR('Market Scenario'!S9/'Market Scenario'!S$2-1,"") -> -0.01211728 | AG9: ='Market Scenario'!T9 -> 20796.36 | AH9: =IFERROR('Market Scenario'!T9/'Market Scenario'!T$2-1,"") -> -0.016607117 | AI9: ='Market Scenario'!U9 -> 440267.7 | AJ9: =IFERROR('Market Scenario'!U9/'Market Scenario'!U$2-1,"") -> 0.0081537526 | AK9: ='Market Scenario'!V9 -> 44329.66 | AL9: =IFERROR('Market Scenario'!V9/'Market Scenario'!V$2-1,"") -> -0.0037273424 | AM9: ='Market Scenario'!W9 -> 322775.8 | AN9: =IFERROR('Market Scenario'!W9/'Market Scenario'!W$2-1,"") -> 0.0087503465 | AO9: ='Market Scenario'!X9 -> 476714.4 | AP9: =IFERROR('Market Scenario'!X9/'Market Scenario'!X$2-1,"") -> 0.0026222607 | AQ9: ='Market Scenario'!Y9 -> 1432722 | AR9: =IFERROR('Market Scenario'!Y9/'Market Scenario'!Y$2-1,"") -> -0.0098673117 | AS9: ='Market Scenario'!Z9 -> 47054.67 | AT9: =IFERROR('Market Scenario'!Z9/'Market Scenario'!Z$2-1,"") -> -0.0010353809 | AU9: ='Market Scenario'!AA9 -> 126993.6 | AV9: =IFERROR('Market Scenario'!AA9/'Market Scenario'!AA$2-1,"") -> 0.0032064727 | AW9: ='Market Scenario'!AB9 -> 474479.1 | AX9: =IFERROR('Market Scenario'!AB9/'Market Scenario'!AB$2-1,"") -> -0.0011338525 | AY9: ='Market Scenario'!AC9 -> 378019.8 | AZ9: =IFERROR('Market Scenario'!AC9/'Market Scenario'!AC$2-1,"") -> 5.343921e-05 | BA9: ='Market Scenario'!AD9 -> 428358 | BB9: =IFERROR('Market Scenario'!AD9/'Market Scenario'!AD$2-1,"") -> -0.0014327255 | BC9: ='Market Scenario'!AE9 -> 99331.23 | BD9: =IFERROR('Market Scenario'!AE9/'Market Scenario'!AE$2-1,"") -> 0.013517377 | BE9: ='Market Scenario'!AF9 -> 120754.1 | BF9: =IFERROR('Market Scenario'!AF9/'Market Scenario'!AF$2-1,"") -> -0.00028562298 | BG9: ='Market Scenario'!AG9 -> 145534 | BH9: =IFERROR('Market Scenario'!AG9/'Market Scenario'!AG$2-1,"") -> 0.015779643 | BI9: ='Market Scenario'!AH9 -> 190211.7 | BJ9: =IFERROR('Market Scenario'!AH9/'Market Scenario'!AH$2-1,"") -> 0.0097164634 | BK9: ='Market Scenario'!AI9 -> 105323.4 | BL9: =IFERROR('Market Scenario'!AI9/'Market Scenario'!AI$2-1,"") -> 0.00028301815 | BM9: ='Market Scenario'!AJ9 -> 157264.4 | BN9: =IFERROR('Market Scenario'!AJ9/'Market Scenario'!AJ$2-1,"") -> 0.0094458794 | BO9: ='Market Scenario'!AK9 -> 126088.5 | BP9: =IFERROR('Market Scenario'!AK9/'Market Scenario'!AK$2-1,"") -> -0.0040984966 | BQ9: ='Market Scenario'!AL9 -> 130464.3 | BR9: =IFERROR('Market Scenario'!AL9/'Market Scenario'!AL$2-1,"") -> 3.2960294e-05 | BS9: ='Market Scenario'!AM9 -> 143741.3 | BT9: =IFERROR('Market Scenario'!AM9/'Market Scenario'!AM$2-1,"") -> -0.01353004 | BU9: ='Market Scenario'!AN9 -> 106227.7 | BV9: =IFERROR('Market Scenario'!AN9/'Market Scenario'!AN$2-1,"") -> 0.0043282635 | BW9: ='Market Scenario'!AO9 -> 157638.7 | BX9: =IFERROR('Market Scenario'!AO9/'Market Scenario'!AO$2-1,"") -> -0.00094493998 | BY9: ='Market Scenario'!AP9 -> 127777.3 | BZ9: =IFERROR('Market Scenario'!AP9/'Market Scenario'!AP$2-1,"") -> -9.9381798e-05 | CA9: ='Market Scenario'!AQ9 -> 113705 | CB9: =IFERROR('Market Scenario'!AQ9/'Market Scenario'!AQ$2-1,"") -> -0.00043602632 | CC9: ='Market Scenario'!AR9 -> 1477031 | CD9: =IFERROR('Market Scenario'!AR9/'Market Scenario'!AR$2-1,"") -> -0.0052517832 | CE9: ='Market Scenario'!AS9 -> 20185.55 | CF9: =IFERROR('Market Scenario'!AS9/'Market Scenario'!AS$2-1,"") -> 0.00050705515 | CG9: ='Market Scenario'!AT9 -> 16978.82 | CH9: =IFERROR('Market Scenario'!AT9/'Market Scenario'!AT$2-1,"") -> -0.0062165533 | CI9: ='Market Scenario'!AU9 -> 122083.5 | CJ9: =IFERROR('Market Scenario'!AU9/'Market Scenario'!AU$2-1,"") -> -0.0034138302 | CK9: ='Market Scenario'!AV9 -> 212369.8 | CL9: =IFERROR('Market Scenario'!AV9/'Market Scenario'!AV$2-1,"") -> -0.014692632 | CM9: ='Market Scenario'!AW9 -> 152.31 | CN9: =IFERROR('Market Scenario'!AW9/'Market Scenario'!AW$2-1,"") -> 0.0021713383 | CO9: ='Market Scenario'!AX9 -> 1291762 | CP9: =IFERROR('Market Scenario'!AX9/'Market Scenario'!AX$2-1,"") -> -0.0055069038 | CQ9: ='Market Scenario'!AY9 -> 4199523 | CR9: =IFERROR('Market Scenario'!AY9/'Market Scenario'!AY$2-1,"") -> -0.0066547499 | CS9: ='Market Scenario'!AZ9 -> 34109.19 | CT9: =IFERROR('Market Scenario'!AZ9/'Market Scenario'!AZ$2-1,"") -> 0.015650501 | CU9: ='Market Scenario'!BA9 -> 679479.7 | CV9: =IFERROR('Market Scenario'!BA9/'Market Scenario'!BA$2-1,"") -> -0.00081290232 | CW9: ='Market Scenario'!BB9 -> 465548.2 | CX9: =IFERROR('Market Scenario'!BB9/'Market Scenario'!BB$2-1,"") -> -0.013566036 | CY9: ='Market Scenario'!BC9 -> 42207.89 | CZ9: =IFERROR('Market Scenario'!BC9/'Market Scenario'!BC$2-1,"") -> 0.00077984588 | DA9: ='Market Scenario'!BD9 -> 54775.96 | DB9: =IFERROR('Market Scenario'!BD9/'Market Scenario'!BD$2-1,"") -> 0.0068943712
A10: ='Market Scenario'!A10 -> Scenario 2 | B10: ='Market Scenario'!B10 -> 9 | C10: ='Market Scenario'!C10 -> 1 | D10: ='Market Scenario'!D10 -> Fake Positive News | E10: ='Market Scenario'!E10 -> 9 | F10: ='Market Scenario'!F10 -> TRADING | G10: ='Market Scenario'!G10 -> 156214.3 | H10: =IFERROR('Market Scenario'!G10/'Market Scenario'!G$2-1,"") -> 0.014419412 | I10: ='Market Scenario'!H10 -> 205448.4 | J10: =IFERROR('Market Scenario'!H10/'Market Scenario'!H$2-1,"") -> -0.017070901 | K10: ='Market Scenario'!I10 -> 161970 | L10: =IFERROR('Market Scenario'!I10/'Market Scenario'!I$2-1,"") -> 0.001583661 | M10: ='Market Scenario'!J10 -> 268740.2 | N10: =IFERROR('Market Scenario'!J10/'Market Scenario'!J$2-1,"") -> 0.0064817918 | O10: ='Market Scenario'!K10 -> 529315.9 | P10: =IFERROR('Market Scenario'!K10/'Market Scenario'!K$2-1,"") -> -0.017996487 | Q10: ='Market Scenario'!L10 -> 495388.3 | R10: =IFERROR('Market Scenario'!L10/'Market Scenario'!L$2-1,"") -> -0.013095225 | S10: ='Market Scenario'!M10 -> 230735.2 | T10: =IFERROR('Market Scenario'!M10/'Market Scenario'!M$2-1,"") -> -0.0075905376 | U10: ='Market Scenario'!N10 -> 498121.6 | V10: =IFERROR('Market Scenario'!N10/'Market Scenario'!N$2-1,"") -> -0.021453808 | W10: ='Market Scenario'!O10 -> 705297.7 | X10: =IFERROR('Market Scenario'!O10/'Market Scenario'!O$2-1,"") -> 0.00033869511 | Y10: ='Market Scenario'!P10 -> 937582.3 | Z10: =IFERROR('Market Scenario'!P10/'Market Scenario'!P$2-1,"") -> 0.021270628 | AA10: ='Market Scenario'!Q10 -> 459249.4 | AB10: =IFERROR('Market Scenario'!Q10/'Market Scenario'!Q$2-1,"") -> -0.021763631 | AC10: ='Market Scenario'!R10 -> 291838.2 | AD10: =IFERROR('Market Scenario'!R10/'Market Scenario'!R$2-1,"") -> -0.0074533287 | AE10: ='Market Scenario'!S10 -> 1605750 | AF10: =IFERROR('Market Scenario'!S10/'Market Scenario'!S$2-1,"") -> -0.014270139 | AG10: ='Market Scenario'!T10 -> 20740.96 | AH10: =IFERROR('Market Scenario'!T10/'Market Scenario'!T$2-1,"") -> -0.019226804 | AI10: ='Market Scenario'!U10 -> 440969 | AJ10: =IFERROR('Market Scenario'!U10/'Market Scenario'!U$2-1,"") -> 0.0097596351 | AK10: ='Market Scenario'!V10 -> 44314.2 | AL10: =IFERROR('Market Scenario'!V10/'Market Scenario'!V$2-1,"") -> -0.0040747932 | AM10: ='Market Scenario'!W10 -> 323031.4 | AN10: =IFERROR('Market Scenario'!W10/'Market Scenario'!W$2-1,"") -> 0.0095491567 | AO10: ='Market Scenario'!X10 -> 477534.7 | AP10: =IFERROR('Market Scenario'!X10/'Market Scenario'!X$2-1,"") -> 0.0043475097 | AQ10: ='Market Scenario'!Y10 -> 1430229 | AR10: =IFERROR('Market Scenario'!Y10/'Market Scenario'!Y$2-1,"") -> -0.011590187 | AS10: ='Market Scenario'!Z10 -> 47046.33 | AT10: =IFERROR('Market Scenario'!Z10/'Market Scenario'!Z$2-1,"") -> -0.001212438 | AU10: ='Market Scenario'!AA10 -> 127166.6 | AV10: =IFERROR('Market Scenario'!AA10/'Market Scenario'!AA$2-1,"") -> 0.0045731141 | AW10: ='Market Scenario'!AB10 -> 474397.7 | AX10: =IFERROR('Market Scenario'!AB10/'Market Scenario'!AB$2-1,"") -> -0.0013052145 | AY10: ='Market Scenario'!AC10 -> 377936.8 | AZ10: =IFERROR('Market Scenario'!AC10/'Market Scenario'!AC$2-1,"") -> -0.00016613774 | BA10: ='Market Scenario'!AD10 -> 428454.5 | BB10: =IFERROR('Market Scenario'!AD10/'Market Scenario'!AD$2-1,"") -> -0.0012077694 | BC10: ='Market Scenario'!AE10 -> 99432.6 | BD10: =IFERROR('Market Scenario'!AE10/'Market Scenario'!AE$2-1,"") -> 0.014551697 | BE10: ='Market Scenario'!AF10 -> 120742.7 | BF10: =IFERROR('Market Scenario'!AF10/'Market Scenario'!AF$2-1,"") -> -0.00038000275 | BG10: ='Market Scenario'!AG10 -> 145854.8 | BH10: =IFERROR('Market Scenario'!AG10/'Market Scenario'!AG$2-1,"") -> 0.018018722 | BI10: ='Market Scenario'!AH10 -> 190275 | BJ10: =IFERROR('Market Scenario'!AH10/'Market Scenario'!AH$2-1,"") -> 0.010052484 | BK10: ='Market Scenario'!AI10 -> 105345.6 | BL10: =IFERROR('Market Scenario'!AI10/'Market Scenario'!AI$2-1,"") -> 0.00049385718 | BM10: ='Market Scenario'!AJ10 -> 157496.8 | BN10: =IFERROR('Market Scenario'!AJ10/'Market Scenario'!AJ$2-1,"") -> 0.010937604 | BO10: ='Market Scenario'!AK10 -> 126109.3 | BP10: =IFERROR('Market Scenario'!AK10/'Market Scenario'!AK$2-1,"") -> -0.0039342092 | BQ10: ='Market Scenario'!AL10 -> 130457.9 | BR10: =IFERROR('Market Scenario'!AL10/'Market Scenario'!AL$2-1,"") -> -1.6096888e-05 | BS10: ='Market Scenario'!AM10 -> 143438.6 | BT10: =IFERROR('Market Scenario'!AM10/'Market Scenario'!AM$2-1,"") -> -0.015607414 | BU10: ='Market Scenario'!AN10 -> 106337.6 | BV10: =IFERROR('Market Scenario'!AN10/'Market Scenario'!AN$2-1,"") -> 0.0053673115 | BW10: ='Market Scenario'!AO10 -> 157563.3 | BX10: =IFERROR('Market Scenario'!AO10/'Market Scenario'!AO$2-1,"") -> -0.0014227969 | BY10: ='Market Scenario'!AP10 -> 127790.6 | BZ10: =IFERROR('Market Scenario'!AP10/'Market Scenario'!AP$2-1,"") -> 4.6952031e-06 | CA10: ='Market Scenario'!AQ10 -> 113699 | CB10: =IFERROR('Market Scenario'!AQ10/'Market Scenario'!AQ$2-1,"") -> -0.00048877144 | CC10: ='Market Scenario'!AR10 -> 1473124 | CD10: =IFERROR('Market Scenario'!AR10/'Market Scenario'!AR$2-1,"") -> -0.0078830626 | CE10: ='Market Scenario'!AS10 -> 20179.73 | CF10: =IFERROR('Market Scenario'!AS10/'Market Scenario'!AS$2-1,"") -> 0.00021858389 | CG10: ='Market Scenario'!AT10 -> 16961.76 | CH10: =IFERROR('Market Scenario'!AT10/'Market Scenario'!AT$2-1,"") -> -0.0072150883 | CI10: ='Market Scenario'!AU10 -> 122067.6 | CJ10: =IFERROR('Market Scenario'!AU10/'Market Scenario'!AU$2-1,"") -> -0.0035436243 | CK10: ='Market Scenario'!AV10 -> 211621.6 | CL10: =IFERROR('Market Scenario'!AV10/'Market Scenario'!AV$2-1,"") -> -0.018163968 | CM10: ='Market Scenario'!AW10 -> 152.31 | CN10: =IFERROR('Market Scenario'!AW10/'Market Scenario'!AW$2-1,"") -> 0.0021713383 | CO10: ='Market Scenario'!AX10 -> 1292229 | CP10: =IFERROR('Market Scenario'!AX10/'Market Scenario'!AX$2-1,"") -> -0.005147373 | CQ10: ='Market Scenario'!AY10 -> 4194095 | CR10: =IFERROR('Market Scenario'!AY10/'Market Scenario'!AY$2-1,"") -> -0.0079386762 | CS10: ='Market Scenario'!AZ10 -> 34201.89 | CT10: =IFERROR('Market Scenario'!AZ10/'Market Scenario'!AZ$2-1,"") -> 0.018410777 | CU10: ='Market Scenario'!BA10 -> 679646.1 | CV10: =IFERROR('Market Scenario'!BA10/'Market Scenario'!BA$2-1,"") -> -0.00056820814 | CW10: ='Market Scenario'!BB10 -> 464604.2 | CX10: =IFERROR('Market Scenario'!BB10/'Market Scenario'!BB$2-1,"") -> -0.015566245 | CY10: ='Market Scenario'!BC10 -> 42202.24 | CZ10: =IFERROR('Market Scenario'!BC10/'Market Scenario'!BC$2-1,"") -> 0.00064588026 | DA10: ='Market Scenario'!BD10 -> 54803.87 | DB10: =IFERROR('Market Scenario'!BD10/'Market Scenario'!BD$2-1,"") -> 0.0074074142
A11: ='Market Scenario'!A11 -> Scenario 2 | B11: ='Market Scenario'!B11 -> 10 | C11: ='Market Scenario'!C11 -> 1 | D11: ='Market Scenario'!D11 -> Fake Positive News | E11: ='Market Scenario'!E11 -> 10 | F11: ='Market Scenario'!F11 -> TRADING | G11: ='Market Scenario'!G11 -> 156557.5 | H11: =IFERROR('Market Scenario'!G11/'Market Scenario'!G$2-1,"") -> 0.016648073 | I11: ='Market Scenario'!H11 -> 204851.5 | J11: =IFERROR('Market Scenario'!H11/'Market Scenario'!H$2-1,"") -> -0.019926657 | K11: ='Market Scenario'!I11 -> 162058.4 | L11: =IFERROR('Market Scenario'!I11/'Market Scenario'!I$2-1,"") -> 0.0021303054 | M11: ='Market Scenario'!J11 -> 268692.2 | N11: =IFERROR('Market Scenario'!J11/'Market Scenario'!J$2-1,"") -> 0.006302023 | O11: ='Market Scenario'!K11 -> 528122.3 | P11: =IFERROR('Market Scenario'!K11/'Market Scenario'!K$2-1,"") -> -0.020210892 | Q11: ='Market Scenario'!L11 -> 494509.8 | R11: =IFERROR('Market Scenario'!L11/'Market Scenario'!L$2-1,"") -> -0.014845359 | S11: ='Market Scenario'!M11 -> 230418.2 | T11: =IFERROR('Market Scenario'!M11/'Market Scenario'!M$2-1,"") -> -0.0089539785 | U11: ='Market Scenario'!N11 -> 496384 | V11: =IFERROR('Market Scenario'!N11/'Market Scenario'!N$2-1,"") -> -0.024867275 | W11: ='Market Scenario'!O11 -> 705234.7 | X11: =IFERROR('Market Scenario'!O11/'Market Scenario'!O$2-1,"") -> 0.00024934087 | Y11: ='Market Scenario'!P11 -> 938986.3 | Z11: =IFERROR('Market Scenario'!P11/'Market Scenario'!P$2-1,"") -> 0.022799949 | AA11: ='Market Scenario'!Q11 -> 457933.3 | AB11: =IFERROR('Market Scenario'!Q11/'Market Scenario'!Q$2-1,"") -> -0.024567025 | AC11: ='Market Scenario'!R11 -> 291617.5 | AD11: =IFERROR('Market Scenario'!R11/'Market Scenario'!R$2-1,"") -> -0.0082039331 | AE11: ='Market Scenario'!S11 -> 1602240 | AF11: =IFERROR('Market Scenario'!S11/'Market Scenario'!S$2-1,"") -> -0.016424841 | AG11: ='Market Scenario'!T11 -> 20691.8 | AH11: =IFERROR('Market Scenario'!T11/'Market Scenario'!T$2-1,"") -> -0.021551422 | AI11: ='Market Scenario'!U11 -> 441451.6 | AJ11: =IFERROR('Market Scenario'!U11/'Market Scenario'!U$2-1,"") -> 0.010864724 | AK11: ='Market Scenario'!V11 -> 44289.63 | AL11: =IFERROR('Market Scenario'!V11/'Market Scenario'!V$2-1,"") -> -0.0046269837 | AM11: ='Market Scenario'!W11 -> 323511.8 | AN11: =IFERROR('Market Scenario'!W11/'Market Scenario'!W$2-1,"") -> 0.01105052 | AO11: ='Market Scenario'!X11 -> 477825.7 | AP11: =IFERROR('Market Scenario'!X11/'Market Scenario'!X$2-1,"") -> 0.0049595388 | AQ11: ='Market Scenario'!Y11 -> 1428324 | AR11: =IFERROR('Market Scenario'!Y11/'Market Scenario'!Y$2-1,"") -> -0.012906704 | AS11: ='Market Scenario'!Z11 -> 47098.82 | AT11: =IFERROR('Market Scenario'!Z11/'Market Scenario'!Z$2-1,"") -> -9.8082008e-05 | AU11: ='Market Scenario'!AA11 -> 127281.4 | AV11: =IFERROR('Market Scenario'!AA11/'Market Scenario'!AA$2-1,"") -> 0.0054799953 | AW11: ='Market Scenario'!AB11 -> 474486.9 | AX11: =IFERROR('Market Scenario'!AB11/'Market Scenario'!AB$2-1,"") -> -0.001117432 | AY11: ='Market Scenario'!AC11 -> 377978.4 | AZ11: =IFERROR('Market Scenario'!AC11/'Market Scenario'!AC$2-1,"") -> -5.6084715e-05 | BA11: ='Market Scenario'!AD11 -> 428592.4 | BB11: =IFERROR('Market Scenario'!AD11/'Market Scenario'!AD$2-1,"") -> -0.00088630369 | BC11: ='Market Scenario'!AE11 -> 99587.64 | BD11: =IFERROR('Market Scenario'!AE11/'Market Scenario'!AE$2-1,"") -> 0.016133634 | BE11: ='Market Scenario'!AF11 -> 120713.2 | BF11: =IFERROR('Market Scenario'!AF11/'Market Scenario'!AF$2-1,"") -> -0.00062423109 | BG11: ='Market Scenario'!AG11 -> 146235.9 | BH11: =IFERROR('Market Scenario'!AG11/'Market Scenario'!AG$2-1,"") -> 0.020678675 | BI11: ='Market Scenario'!AH11 -> 190517.7 | BJ11: =IFERROR('Market Scenario'!AH11/'Market Scenario'!AH$2-1,"") -> 0.011340828 | BK11: ='Market Scenario'!AI11 -> 105268.4 | BL11: =IFERROR('Market Scenario'!AI11/'Market Scenario'!AI$2-1,"") -> -0.00023933079 | BM11: ='Market Scenario'!AJ11 -> 157691.1 | BN11: =IFERROR('Market Scenario'!AJ11/'Market Scenario'!AJ$2-1,"") -> 0.012184774 | BO11: ='Market Scenario'!AK11 -> 125884.5 | BP11: =IFERROR('Market Scenario'!AK11/'Market Scenario'!AK$2-1,"") -> -0.0057097768 | BQ11: ='Market Scenario'!AL11 -> 130447.5 | BR11: =IFERROR('Market Scenario'!AL11/'Market Scenario'!AL$2-1,"") -> -9.5814809e-05 | BS11: ='Market Scenario'!AM11 -> 143172 | BT11: =IFERROR('Market Scenario'!AM11/'Market Scenario'!AM$2-1,"") -> -0.017437041 | BU11: ='Market Scenario'!AN11 -> 106481.3 | BV11: =IFERROR('Market Scenario'!AN11/'Market Scenario'!AN$2-1,"") -> 0.0067259211 | BW11: ='Market Scenario'!AO11 -> 157512.9 | BX11: =IFERROR('Market Scenario'!AO11/'Market Scenario'!AO$2-1,"") -> -0.0017422133 | BY11: ='Market Scenario'!AP11 -> 127800.2 | BZ11: =IFERROR('Market Scenario'!AP11/'Market Scenario'!AP$2-1,"") -> 7.9818452e-05 | CA11: ='Market Scenario'!AQ11 -> 113717.4 | CB11: =IFERROR('Market Scenario'!AQ11/'Market Scenario'!AQ$2-1,"") -> -0.00032701974 | CC11: ='Market Scenario'!AR11 -> 1472793 | CD11: =IFERROR('Market Scenario'!AR11/'Market Scenario'!AR$2-1,"") -> -0.0081059839 | CE11: ='Market Scenario'!AS11 -> 20191.5 | CF11: =IFERROR('Market Scenario'!AS11/'Market Scenario'!AS$2-1,"") -> 0.00080196993 | CG11: ='Market Scenario'!AT11 -> 16932.6 | CH11: =IFERROR('Market Scenario'!AT11/'Market Scenario'!AT$2-1,"") -> -0.0089218456 | CI11: ='Market Scenario'!AU11 -> 122052.8 | CJ11: =IFERROR('Market Scenario'!AU11/'Market Scenario'!AU$2-1,"") -> -0.0036644389 | CK11: ='Market Scenario'!AV11 -> 211161.4 | CL11: =IFERROR('Market Scenario'!AV11/'Market Scenario'!AV$2-1,"") -> -0.020299105 | CM11: ='Market Scenario'!AW11 -> 152.57 | CN11: =IFERROR('Market Scenario'!AW11/'Market Scenario'!AW$2-1,"") -> 0.0038820897 | CO11: ='Market Scenario'!AX11 -> 1289572 | CP11: =IFERROR('Market Scenario'!AX11/'Market Scenario'!AX$2-1,"") -> -0.0071929264 | CQ11: ='Market Scenario'!AY11 -> 4194194 | CR11: =IFERROR('Market Scenario'!AY11/'Market Scenario'!AY$2-1,"") -> -0.007915259 | CS11: ='Market Scenario'!AZ11 -> 34277.26 | CT11: =IFERROR('Market Scenario'!AZ11/'Market Scenario'!AZ$2-1,"") -> 0.020655028 | CU11: ='Market Scenario'!BA11 -> 679657.2 | CV11: =IFERROR('Market Scenario'!BA11/'Market Scenario'!BA$2-1,"") -> -0.00055188539 | CW11: ='Market Scenario'!BB11 -> 463580.7 | CX11: =IFERROR('Market Scenario'!BB11/'Market Scenario'!BB$2-1,"") -> -0.017734903 | CY11: ='Market Scenario'!BC11 -> 42199.93 | CZ11: =IFERROR('Market Scenario'!BC11/'Market Scenario'!BC$2-1,"") -> 0.00059110848 | DA11: ='Market Scenario'!BD11 -> 54820.06 | DB11: =IFERROR('Market Scenario'!BD11/'Market Scenario'!BD$2-1,"") -> 0.0077050196
A12: ='Market Scenario'!A12 -> Scenario 2 | B12: ='Market Scenario'!B12 -> 11 | C12: ='Market Scenario'!C12 -> 1 | D12: ='Market Scenario'!D12 -> Fake Positive News | E12: ='Market Scenario'!E12 -> 11 | F12: ='Market Scenario'!F12 -> TRADING | G12: ='Market Scenario'!G12 -> 156739.6 | H12: =IFERROR('Market Scenario'!G12/'Market Scenario'!G$2-1,"") -> 0.017830588 | I12: ='Market Scenario'!H12 -> 204254.2 | J12: =IFERROR('Market Scenario'!H12/'Market Scenario'!H$2-1,"") -> -0.022784326 | K12: ='Market Scenario'!I12 -> 161947.3 | L12: =IFERROR('Market Scenario'!I12/'Market Scenario'!I$2-1,"") -> 0.0014432897 | M12: ='Market Scenario'!J12 -> 268962.8 | N12: =IFERROR('Market Scenario'!J12/'Market Scenario'!J$2-1,"") -> 0.00731547 | O12: ='Market Scenario'!K12 -> 527040.7 | P12: =IFERROR('Market Scenario'!K12/'Market Scenario'!K$2-1,"") -> -0.02221751 | Q12: ='Market Scenario'!L12 -> 493418 | R12: =IFERROR('Market Scenario'!L12/'Market Scenario'!L$2-1,"") -> -0.017020425 | S12: ='Market Scenario'!M12 -> 230286.3 | T12: =IFERROR('Market Scenario'!M12/'Market Scenario'!M$2-1,"") -> -0.0095212903 | U12: ='Market Scenario'!N12 -> 495106.1 | V12: =IFERROR('Market Scenario'!N12/'Market Scenario'!N$2-1,"") -> -0.027377675 | W12: ='Market Scenario'!O12 -> 705440 | X12: =IFERROR('Market Scenario'!O12/'Market Scenario'!O$2-1,"") -> 0.00054052222 | Y12: ='Market Scenario'!P12 -> 940656.1 | Z12: =IFERROR('Market Scenario'!P12/'Market Scenario'!P$2-1,"") -> 0.024618794 | AA12: ='Market Scenario'!Q12 -> 456804.7 | AB12: =IFERROR('Market Scenario'!Q12/'Market Scenario'!Q$2-1,"") -> -0.026971029 | AC12: ='Market Scenario'!R12 -> 291374.4 | AD12: =IFERROR('Market Scenario'!R12/'Market Scenario'!R$2-1,"") -> -0.0090307204 | AE12: ='Market Scenario'!S12 -> 1599391 | AF12: =IFERROR('Market Scenario'!S12/'Market Scenario'!S$2-1,"") -> -0.018173771 | AG12: ='Market Scenario'!T12 -> 20642.49 | AH12: =IFERROR('Market Scenario'!T12/'Market Scenario'!T$2-1,"") -> -0.023883134 | AI12: ='Market Scenario'!U12 -> 442107.7 | AJ12: =IFERROR('Market Scenario'!U12/'Market Scenario'!U$2-1,"") -> 0.012367105 | AK12: ='Market Scenario'!V12 -> 44251.07 | AL12: =IFERROR('Market Scenario'!V12/'Market Scenario'!V$2-1,"") -> -0.005493588 | AM12: ='Market Scenario'!W12 -> 324096 | AN12: =IFERROR('Market Scenario'!W12/'Market Scenario'!W$2-1,"") -> 0.012876282 | AO12: ='Market Scenario'!X12 -> 478290.9 | AP12: =IFERROR('Market Scenario'!X12/'Market Scenario'!X$2-1,"") -> 0.005937944 | AQ12: ='Market Scenario'!Y12 -> 1425856 | AR12: =IFERROR('Market Scenario'!Y12/'Market Scenario'!Y$2-1,"") -> -0.014612301 | AS12: ='Market Scenario'!Z12 -> 47060.5 | AT12: =IFERROR('Market Scenario'!Z12/'Market Scenario'!Z$2-1,"") -> -0.0009116107 | AU12: ='Market Scenario'!AA12 -> 127392 | AV12: =IFERROR('Market Scenario'!AA12/'Market Scenario'!AA$2-1,"") -> 0.0063536979 | AW12: ='Market Scenario'!AB12 -> 474044.1 | AX12: =IFERROR('Market Scenario'!AB12/'Market Scenario'!AB$2-1,"") -> -0.0020496078 | AY12: ='Market Scenario'!AC12 -> 378061.6 | AZ12: =IFERROR('Market Scenario'!AC12/'Market Scenario'!AC$2-1,"") -> 0.00016402134 | BA12: ='Market Scenario'!AD12 -> 428584.9 | BB12: =IFERROR('Market Scenario'!AD12/'Market Scenario'!AD$2-1,"") -> -0.00090378733 | BC12: ='Market Scenario'!AE12 -> 99603.12 | BD12: =IFERROR('Market Scenario'!AE12/'Market Scenario'!AE$2-1,"") -> 0.016291582 | BE12: ='Market Scenario'!AF12 -> 120726.9 | BF12: =IFERROR('Market Scenario'!AF12/'Market Scenario'!AF$2-1,"") -> -0.00051080979 | BG12: ='Market Scenario'!AG12 -> 146495.5 | BH12: =IFERROR('Market Scenario'!AG12/'Market Scenario'!AG$2-1,"") -> 0.022490598 | BI12: ='Market Scenario'!AH12 -> 190747.9 | BJ12: =IFERROR('Market Scenario'!AH12/'Market Scenario'!AH$2-1,"") -> 0.012562818 | BK12: ='Market Scenario'!AI12 -> 105273.1 | BL12: =IFERROR('Market Scenario'!AI12/'Market Scenario'!AI$2-1,"") -> -0.00019469369 | BM12: ='Market Scenario'!AJ12 -> 158005.3 | BN12: =IFERROR('Market Scenario'!AJ12/'Market Scenario'!AJ$2-1,"") -> 0.014201555 | BO12: ='Market Scenario'!AK12 -> 125741.1 | BP12: =IFERROR('Market Scenario'!AK12/'Market Scenario'!AK$2-1,"") -> -0.0068424121 | BQ12: ='Market Scenario'!AL12 -> 130458.1 | BR12: =IFERROR('Market Scenario'!AL12/'Market Scenario'!AL$2-1,"") -> -1.4563851e-05 | BS12: ='Market Scenario'!AM12 -> 142939.4 | BT12: =IFERROR('Market Scenario'!AM12/'Market Scenario'!AM$2-1,"") -> -0.019033331 | BU12: ='Market Scenario'!AN12 -> 106557.9 | BV12: =IFERROR('Market Scenario'!AN12/'Market Scenario'!AN$2-1,"") -> 0.0074501347 | BW12: ='Market Scenario'!AO12 -> 157502.3 | BX12: =IFERROR('Market Scenario'!AO12/'Market Scenario'!AO$2-1,"") -> -0.0018093921 | BY12: ='Market Scenario'!AP12 -> 127830.1 | BZ12: =IFERROR('Market Scenario'!AP12/'Market Scenario'!AP$2-1,"") -> 0.00031379607 | CA12: ='Market Scenario'!AQ12 -> 113717 | CB12: =IFERROR('Market Scenario'!AQ12/'Market Scenario'!AQ$2-1,"") -> -0.00033053608 | CC12: ='Market Scenario'!AR12 -> 1468694 | CD12: =IFERROR('Market Scenario'!AR12/'Market Scenario'!AR$2-1,"") -> -0.010866571 | CE12: ='Market Scenario'!AS12 -> 20193.07 | CF12: =IFERROR('Market Scenario'!AS12/'Market Scenario'!AS$2-1,"") -> 0.00087978778 | CG12: ='Market Scenario'!AT12 -> 16926.12 | CH12: =IFERROR('Market Scenario'!AT12/'Market Scenario'!AT$2-1,"") -> -0.009301125 | CI12: ='Market Scenario'!AU12 -> 122058.3 | CJ12: =IFERROR('Market Scenario'!AU12/'Market Scenario'!AU$2-1,"") -> -0.0036195416 | CK12: ='Market Scenario'!AV12 -> 210712.7 | CL12: =IFERROR('Market Scenario'!AV12/'Market Scenario'!AV$2-1,"") -> -0.022380886 | CM12: ='Market Scenario'!AW12 -> 152.67 | CN12: =IFERROR('Market Scenario'!AW12/'Market Scenario'!AW$2-1,"") -> 0.0045400711 | CO12: ='Market Scenario'!AX12 -> 1288231 | CP12: =IFERROR('Market Scenario'!AX12/'Market Scenario'!AX$2-1,"") -> -0.0082253265 | CQ12: ='Market Scenario'!AY12 -> 4193903 | CR12: =IFERROR('Market Scenario'!AY12/'Market Scenario'!AY$2-1,"") -> -0.0079840914 | CS12: ='Market Scenario'!AZ12 -> 34339.49 | CT12: =IFERROR('Market Scenario'!AZ12/'Market Scenario'!AZ$2-1,"") -> 0.022508017 | CU12: ='Market Scenario'!BA12 -> 679302.4 | CV12: =IFERROR('Market Scenario'!BA12/'Market Scenario'!BA$2-1,"") -> -0.0010736252 | CW12: ='Market Scenario'!BB12 -> 462646 | CX12: =IFERROR('Market Scenario'!BB12/'Market Scenario'!BB$2-1,"") -> -0.019715407 | CY12: ='Market Scenario'!BC12 -> 42206.71 | CZ12: =IFERROR('Market Scenario'!BC12/'Market Scenario'!BC$2-1,"") -> 0.00075186722 | DA12: ='Market Scenario'!BD12 -> 54878.88 | DB12: =IFERROR('Market Scenario'!BD12/'Market Scenario'!BD$2-1,"") -> 0.0087862517
A13: ='Market Scenario'!A13 -> Scenario 2 | B13: ='Market Scenario'!B13 -> 12 | C13: ='Market Scenario'!C13 -> 1 | D13: ='Market Scenario'!D13 -> Fake Positive News | E13: ='Market Scenario'!E13 -> 12 | F13: ='Market Scenario'!F13 -> TRADING | G13: ='Market Scenario'!G13 -> 156938 | H13: =IFERROR('Market Scenario'!G13/'Market Scenario'!G$2-1,"") -> 0.019118952 | I13: ='Market Scenario'!H13 -> 203889.2 | J13: =IFERROR('Market Scenario'!H13/'Market Scenario'!H$2-1,"") -> -0.024530599 | K13: ='Market Scenario'!I13 -> 161998.2 | L13: =IFERROR('Market Scenario'!I13/'Market Scenario'!I$2-1,"") -> 0.0017580431 | M13: ='Market Scenario'!J13 -> 269018.9 | N13: =IFERROR('Market Scenario'!J13/'Market Scenario'!J$2-1,"") -> 0.0075255749 | O13: ='Market Scenario'!K13 -> 525748.6 | P13: =IFERROR('Market Scenario'!K13/'Market Scenario'!K$2-1,"") -> -0.024614655 | Q13: ='Market Scenario'!L13 -> 492561.7 | R13: =IFERROR('Market Scenario'!L13/'Market Scenario'!L$2-1,"") -> -0.018726333 | S13: ='Market Scenario'!M13 -> 230032.1 | T13: =IFERROR('Market Scenario'!M13/'Market Scenario'!M$2-1,"") -> -0.010614624 | U13: ='Market Scenario'!N13 -> 494223.8 | V13: =IFERROR('Market Scenario'!N13/'Market Scenario'!N$2-1,"") -> -0.029110929 | W13: ='Market Scenario'!O13 -> 705252.6 | X13: =IFERROR('Market Scenario'!O13/'Market Scenario'!O$2-1,"") -> 0.00027472882 | Y13: ='Market Scenario'!P13 -> 942174.2 | Z13: =IFERROR('Market Scenario'!P13/'Market Scenario'!P$2-1,"") -> 0.0262724 | AA13: ='Market Scenario'!Q13 -> 455340.9 | AB13: =IFERROR('Market Scenario'!Q13/'Market Scenario'!Q$2-1,"") -> -0.030089035 | AC13: ='Market Scenario'!R13 -> 291103.6 | AD13: =IFERROR('Market Scenario'!R13/'Market Scenario'!R$2-1,"") -> -0.0099517158 | AE13: ='Market Scenario'!S13 -> 1598340 | AF13: =IFERROR('Market Scenario'!S13/'Market Scenario'!S$2-1,"") -> -0.018818954 | AG13: ='Market Scenario'!T13 -> 20591.33 | AH13: =IFERROR('Market Scenario'!T13/'Market Scenario'!T$2-1,"") -> -0.026302325 | AI13: ='Market Scenario'!U13 -> 442009.8 | AJ13: =IFERROR('Market Scenario'!U13/'Market Scenario'!U$2-1,"") -> 0.012142927 | AK13: ='Market Scenario'!V13 -> 44221.13 | AL13: =IFERROR('Market Scenario'!V13/'Market Scenario'!V$2-1,"") -> -0.0061664649 | AM13: ='Market Scenario'!W13 -> 324584.8 | AN13: =IFERROR('Market Scenario'!W13/'Market Scenario'!W$2-1,"") -> 0.014403897 | AO13: ='Market Scenario'!X13 -> 478111.2 | AP13: =IFERROR('Market Scenario'!X13/'Market Scenario'!X$2-1,"") -> 0.0055600003 | AQ13: ='Market Scenario'!Y13 -> 1425756 | AR13: =IFERROR('Market Scenario'!Y13/'Market Scenario'!Y$2-1,"") -> -0.01468141 | AS13: ='Market Scenario'!Z13 -> 47074.22 | AT13: =IFERROR('Market Scenario'!Z13/'Market Scenario'!Z$2-1,"") -> -0.00062033686 | AU13: ='Market Scenario'!AA13 -> 127790.5 | AV13: =IFERROR('Market Scenario'!AA13/'Market Scenario'!AA$2-1,"") -> 0.009501713 | AW13: ='Market Scenario'!AB13 -> 473813.9 | AX13: =IFERROR('Market Scenario'!AB13/'Market Scenario'!AB$2-1,"") -> -0.0025342214 | AY13: ='Market Scenario'!AC13 -> 377921.6 | AZ13: =IFERROR('Market Scenario'!AC13/'Market Scenario'!AC$2-1,"") -> -0.00020634942 | BA13: ='Market Scenario'!AD13 -> 428339.4 | BB13: =IFERROR('Market Scenario'!AD13/'Market Scenario'!AD$2-1,"") -> -0.001476085 | BC13: ='Market Scenario'!AE13 -> 99854.5 | BD13: =IFERROR('Market Scenario'!AE13/'Market Scenario'!AE$2-1,"") -> 0.018856516 | BE13: ='Market Scenario'!AF13 -> 120729.6 | BF13: =IFERROR('Market Scenario'!AF13/'Market Scenario'!AF$2-1,"") -> -0.00048845669 | BG13: ='Market Scenario'!AG13 -> 146705.6 | BH13: =IFERROR('Market Scenario'!AG13/'Market Scenario'!AG$2-1,"") -> 0.023957028 | BI13: ='Market Scenario'!AH13 -> 190966.7 | BJ13: =IFERROR('Market Scenario'!AH13/'Market Scenario'!AH$2-1,"") -> 0.013724292 | BK13: ='Market Scenario'!AI13 -> 105221 | BL13: =IFERROR('Market Scenario'!AI13/'Market Scenario'!AI$2-1,"") -> -0.0006895006 | BM13: ='Market Scenario'!AJ13 -> 158278.3 | BN13: =IFERROR('Market Scenario'!AJ13/'Market Scenario'!AJ$2-1,"") -> 0.015953882 | BO13: ='Market Scenario'!AK13 -> 125652.1 | BP13: =IFERROR('Market Scenario'!AK13/'Market Scenario'!AK$2-1,"") -> -0.0075453725 | BQ13: ='Market Scenario'!AL13 -> 130450.8 | BR13: =IFERROR('Market Scenario'!AL13/'Market Scenario'!AL$2-1,"") -> -7.05197e-05 | BS13: ='Market Scenario'!AM13 -> 142644.8 | BT13: =IFERROR('Market Scenario'!AM13/'Market Scenario'!AM$2-1,"") -> -0.021055117 | BU13: ='Market Scenario'!AN13 -> 106542.5 | BV13: =IFERROR('Market Scenario'!AN13/'Market Scenario'!AN$2-1,"") -> 0.0073045356 | BW13: ='Market Scenario'!AO13 -> 157513.3 | BX13: =IFERROR('Market Scenario'!AO13/'Market Scenario'!AO$2-1,"") -> -0.0017396782 | BY13: ='Market Scenario'!AP13 -> 127815 | BZ13: =IFERROR('Market Scenario'!AP13/'Market Scenario'!AP$2-1,"") -> 0.00019563346 | CA13: ='Market Scenario'!AQ13 -> 113672.2 | CB13: =IFERROR('Market Scenario'!AQ13/'Market Scenario'!AQ$2-1,"") -> -0.00072436631 | CC13: ='Market Scenario'!AR13 -> 1466055 | CD13: =IFERROR('Market Scenario'!AR13/'Market Scenario'!AR$2-1,"") -> -0.01264388 | CE13: ='Market Scenario'!AS13 -> 20176.38 | CF13: =IFERROR('Market Scenario'!AS13/'Market Scenario'!AS$2-1,"") -> 5.2539439e-05 | CG13: ='Market Scenario'!AT13 -> 16897.36 | CH13: =IFERROR('Market Scenario'!AT13/'Market Scenario'!AT$2-1,"") -> -0.01098447 | CI13: ='Market Scenario'!AU13 -> 121852.6 | CJ13: =IFERROR('Market Scenario'!AU13/'Market Scenario'!AU$2-1,"") -> -0.005298702 | CK13: ='Market Scenario'!AV13 -> 210179.2 | CL13: =IFERROR('Market Scenario'!AV13/'Market Scenario'!AV$2-1,"") -> -0.024856103 | CM13: ='Market Scenario'!AW13 -> 152.75 | CN13: =IFERROR('Market Scenario'!AW13/'Market Scenario'!AW$2-1,"") -> 0.0050664561 | CO13: ='Market Scenario'!AX13 -> 1285993 | CP13: =IFERROR('Market Scenario'!AX13/'Market Scenario'!AX$2-1,"") -> -0.009948303 | CQ13: ='Market Scenario'!AY13 -> 4189794 | CR13: =IFERROR('Market Scenario'!AY13/'Market Scenario'!AY$2-1,"") -> -0.0089560246 | CS13: ='Market Scenario'!AZ13 -> 34411.96 | CT13: =IFERROR('Market Scenario'!AZ13/'Market Scenario'!AZ$2-1,"") -> 0.024665916 | CU13: ='Market Scenario'!BA13 -> 678893.4 | CV13: =IFERROR('Market Scenario'!BA13/'Market Scenario'!BA$2-1,"") -> -0.001675067 | CW13: ='Market Scenario'!BB13 -> 461817 | CX13: =IFERROR('Market Scenario'!BB13/'Market Scenario'!BB$2-1,"") -> -0.021471946 | CY13: ='Market Scenario'!BC13 -> 42198.9 | CZ13: =IFERROR('Market Scenario'!BC13/'Market Scenario'!BC$2-1,"") -> 0.00056668643 | DA13: ='Market Scenario'!BD13 -> 54913.82 | DB13: =IFERROR('Market Scenario'!BD13/'Market Scenario'!BD$2-1,"") -> 0.0094285205
A14: ='Market Scenario'!A14 -> Scenario 2 | B14: ='Market Scenario'!B14 -> 13 | C14: ='Market Scenario'!C14 -> 1 | D14: ='Market Scenario'!D14 -> Fake Positive News | E14: ='Market Scenario'!E14 -> 13 | F14: ='Market Scenario'!F14 -> TRADING | G14: ='Market Scenario'!G14 -> 157071.4 | H14: =IFERROR('Market Scenario'!G14/'Market Scenario'!G$2-1,"") -> 0.01998522 | I14: ='Market Scenario'!H14 -> 203292.9 | J14: =IFERROR('Market Scenario'!H14/'Market Scenario'!H$2-1,"") -> -0.027383484 | K14: ='Market Scenario'!I14 -> 161986.4 | L14: =IFERROR('Market Scenario'!I14/'Market Scenario'!I$2-1,"") -> 0.0016850747 | M14: ='Market Scenario'!J14 -> 269246.7 | N14: =IFERROR('Market Scenario'!J14/'Market Scenario'!J$2-1,"") -> 0.0083787281 | O14: ='Market Scenario'!K14 -> 524605.3 | P14: =IFERROR('Market Scenario'!K14/'Market Scenario'!K$2-1,"") -> -0.026735741 | Q14: ='Market Scenario'!L14 -> 491488.3 | R14: =IFERROR('Market Scenario'!L14/'Market Scenario'!L$2-1,"") -> -0.020864743 | S14: ='Market Scenario'!M14 -> 229909.7 | T14: =IFERROR('Market Scenario'!M14/'Market Scenario'!M$2-1,"") -> -0.011141075 | U14: ='Market Scenario'!N14 -> 492898.8 | V14: =IFERROR('Market Scenario'!N14/'Market Scenario'!N$2-1,"") -> -0.031713855 | W14: ='Market Scenario'!O14 -> 705218.4 | X14: =IFERROR('Market Scenario'!O14/'Market Scenario'!O$2-1,"") -> 0.00022622223 | Y14: ='Market Scenario'!P14 -> 944499.8 | Z14: =IFERROR('Market Scenario'!P14/'Market Scenario'!P$2-1,"") -> 0.028805582 | AA14: ='Market Scenario'!Q14 -> 454177.8 | AB14: =IFERROR('Market Scenario'!Q14/'Market Scenario'!Q$2-1,"") -> -0.032566527 | AC14: ='Market Scenario'!R14 -> 290607.6 | AD14: =IFERROR('Market Scenario'!R14/'Market Scenario'!R$2-1,"") -> -0.01163862 | AE14: ='Market Scenario'!S14 -> 1594097 | AF14: =IFERROR('Market Scenario'!S14/'Market Scenario'!S$2-1,"") -> -0.021423625 | AG14: ='Market Scenario'!T14 -> 20538.07 | AH14: =IFERROR('Market Scenario'!T14/'Market Scenario'!T$2-1,"") -> -0.028820819 | AI14: ='Market Scenario'!U14 -> 443006.9 | AJ14: =IFERROR('Market Scenario'!U14/'Market Scenario'!U$2-1,"") -> 0.014426152 | AK14: ='Market Scenario'!V14 -> 44166.44 | AL14: =IFERROR('Market Scenario'!V14/'Market Scenario'!V$2-1,"") -> -0.0073955777 | AM14: ='Market Scenario'!W14 -> 325019.4 | AN14: =IFERROR('Market Scenario'!W14/'Market Scenario'!W$2-1,"") -> 0.015762125 | AO14: ='Market Scenario'!X14 -> 477714.1 | AP14: =IFERROR('Market Scenario'!X14/'Market Scenario'!X$2-1,"") -> 0.0047248225 | AQ14: ='Market Scenario'!Y14 -> 1423437 | AR14: =IFERROR('Market Scenario'!Y14/'Market Scenario'!Y$2-1,"") -> -0.016284036 | AS14: ='Market Scenario'!Z14 -> 47043.47 | AT14: =IFERROR('Market Scenario'!Z14/'Market Scenario'!Z$2-1,"") -> -0.0012731554 | AU14: ='Market Scenario'!AA14 -> 127785.4 | AV14: =IFERROR('Market Scenario'!AA14/'Market Scenario'!AA$2-1,"") -> 0.0094614248 | AW14: ='Market Scenario'!AB14 -> 473767.5 | AX14: =IFERROR('Market Scenario'!AB14/'Market Scenario'!AB$2-1,"") -> -0.0026319019 | AY14: ='Market Scenario'!AC14 -> 377980 | AZ14: =IFERROR('Market Scenario'!AC14/'Market Scenario'!AC$2-1,"") -> -5.1851907e-05 | BA14: ='Market Scenario'!AD14 -> 428653.2 | BB14: =IFERROR('Market Scenario'!AD14/'Market Scenario'!AD$2-1,"") -> -0.0007445697 | BC14: ='Market Scenario'!AE14 -> 99907.42 | BD14: =IFERROR('Market Scenario'!AE14/'Market Scenario'!AE$2-1,"") -> 0.01939648 | BE14: ='Market Scenario'!AF14 -> 120789.6 | BF14: =IFERROR('Market Scenario'!AF14/'Market Scenario'!AF$2-1,"") -> 8.278927e-06 | BG14: ='Market Scenario'!AG14 -> 146969.2 | BH14: =IFERROR('Market Scenario'!AG14/'Market Scenario'!AG$2-1,"") -> 0.025796869 | BI14: ='Market Scenario'!AH14 -> 191472.9 | BJ14: =IFERROR('Market Scenario'!AH14/'Market Scenario'!AH$2-1,"") -> 0.016411395 | BK14: ='Market Scenario'!AI14 -> 105246.9 | BL14: =IFERROR('Market Scenario'!AI14/'Market Scenario'!AI$2-1,"") -> -0.00044352173 | BM14: ='Market Scenario'!AJ14 -> 158484.8 | BN14: =IFERROR('Market Scenario'!AJ14/'Market Scenario'!AJ$2-1,"") -> 0.017279361 | BO14: ='Market Scenario'!AK14 -> 125495.2 | BP14: =IFERROR('Market Scenario'!AK14/'Market Scenario'!AK$2-1,"") -> -0.0087846366 | BQ14: ='Market Scenario'!AL14 -> 130485.8 | BR14: =IFERROR('Market Scenario'!AL14/'Market Scenario'!AL$2-1,"") -> 0.00019776177 | BS14: ='Market Scenario'!AM14 -> 142375.9 | BT14: =IFERROR('Market Scenario'!AM14/'Market Scenario'!AM$2-1,"") -> -0.022900528 | BU14: ='Market Scenario'!AN14 -> 106633.1 | BV14: =IFERROR('Market Scenario'!AN14/'Market Scenario'!AN$2-1,"") -> 0.008161112 | BW14: ='Market Scenario'!AO14 -> 157502.2 | BX14: =IFERROR('Market Scenario'!AO14/'Market Scenario'!AO$2-1,"") -> -0.0018100259 | BY14: ='Market Scenario'!AP14 -> 127807.5 | BZ14: =IFERROR('Market Scenario'!AP14/'Market Scenario'!AP$2-1,"") -> 0.00013694342 | CA14: ='Market Scenario'!AQ14 -> 113699 | CB14: =IFERROR('Market Scenario'!AQ14/'Market Scenario'!AQ$2-1,"") -> -0.00048877144 | CC14: ='Market Scenario'!AR14 -> 1464749 | CD14: =IFERROR('Market Scenario'!AR14/'Market Scenario'!AR$2-1,"") -> -0.013523443 | CE14: ='Market Scenario'!AS14 -> 20190.36 | CF14: =IFERROR('Market Scenario'!AS14/'Market Scenario'!AS$2-1,"") -> 0.00074546525 | CG14: ='Market Scenario'!AT14 -> 16910.86 | CH14: =IFERROR('Market Scenario'!AT14/'Market Scenario'!AT$2-1,"") -> -0.010194305 | CI14: ='Market Scenario'!AU14 -> 121732.4 | CJ14: =IFERROR('Market Scenario'!AU14/'Market Scenario'!AU$2-1,"") -> -0.0062799129 | CK14: ='Market Scenario'!AV14 -> 209614.7 | CL14: =IFERROR('Market Scenario'!AV14/'Market Scenario'!AV$2-1,"") -> -0.027475148 | CM14: ='Market Scenario'!AW14 -> 152.83 | CN14: =IFERROR('Market Scenario'!AW14/'Market Scenario'!AW$2-1,"") -> 0.0055928412 | CO14: ='Market Scenario'!AX14 -> 1286415 | CP14: =IFERROR('Market Scenario'!AX14/'Market Scenario'!AX$2-1,"") -> -0.0096234165 | CQ14: ='Market Scenario'!AY14 -> 4186696 | CR14: =IFERROR('Market Scenario'!AY14/'Market Scenario'!AY$2-1,"") -> -0.0096888182 | CS14: ='Market Scenario'!AZ14 -> 34495.05 | CT14: =IFERROR('Market Scenario'!AZ14/'Market Scenario'!AZ$2-1,"") -> 0.027140041 | CU14: ='Market Scenario'!BA14 -> 678693.2 | CV14: =IFERROR('Market Scenario'!BA14/'Market Scenario'!BA$2-1,"") -> -0.0019694647 | CW14: ='Market Scenario'!BB14 -> 460645.3 | CX14: =IFERROR('Market Scenario'!BB14/'Market Scenario'!BB$2-1,"") -> -0.023954621 | CY14: ='Market Scenario'!BC14 -> 42211.05 | CZ14: =IFERROR('Market Scenario'!BC14/'Market Scenario'!BC$2-1,"") -> 0.00085477178 | DA14: ='Market Scenario'!BD14 -> 54933.65 | DB14: =IFERROR('Market Scenario'!BD14/'Market Scenario'!BD$2-1,"") -> 0.0097930365
... A151: ='Market Scenario'!A151 -> Scenario 2 | B151: ='Market Scenario'!B151 -> 150 | C151: ='Market Scenario'!C151 -> 1 | D151: ='Market Scenario'!D151 -> Fake Positive News | E151: ='Market Scenario'!E151 -> 150 | F151: ='Market Scenario'!F151 -> TRADING | G151: ='Market Scenario'!G151 -> 155004 | H151: =IFERROR('Market Scenario'!G151/'Market Scenario'!G$2-1,"") -> 0.0065600044 | I151: ='Market Scenario'!H151 -> 222694.3 | J151: =IFERROR('Market Scenario'!H151/'Market Scenario'!H$2-1,"") -> 0.065438853 | K151: ='Market Scenario'!I151 -> 164049.4 | L151: =IFERROR('Market Scenario'!I151/'Market Scenario'!I$2-1,"") -> 0.014442172 | M151: ='Market Scenario'!J151 -> 272269.4 | N151: =IFERROR('Market Scenario'!J151/'Market Scenario'!J$2-1,"") -> 0.019699299 | O151: ='Market Scenario'!K151 -> 605272.6 | P151: =IFERROR('Market Scenario'!K151/'Market Scenario'!K$2-1,"") -> 0.12292077 | Q151: ='Market Scenario'!L151 -> 546623.1 | R151: =IFERROR('Market Scenario'!L151/'Market Scenario'!L$2-1,"") -> 0.088973937 | S151: ='Market Scenario'!M151 -> 235439.7 | T151: =IFERROR('Market Scenario'!M151/'Market Scenario'!M$2-1,"") -> 0.012643871 | U151: ='Market Scenario'!N151 -> 373195.4 | V151: =IFERROR('Market Scenario'!N151/'Market Scenario'!N$2-1,"") -> -0.26686789 | W151: ='Market Scenario'!O151 -> 703530.1 | X151: =IFERROR('Market Scenario'!O151/'Market Scenario'!O$2-1,"") -> -0.0021683295 | Y151: ='Market Scenario'!P151 -> 1170876 | Z151: =IFERROR('Market Scenario'!P151/'Market Scenario'!P$2-1,"") -> 0.27538806 | AA151: ='Market Scenario'!Q151 -> 352613.1 | AB151: =IFERROR('Market Scenario'!Q151/'Market Scenario'!Q$2-1,"") -> -0.24890711 | AC151: ='Market Scenario'!R151 -> 296491.6 | AD151: =IFERROR('Market Scenario'!R151/'Market Scenario'!R$2-1,"") -> 0.0083729637 | AE151: ='Market Scenario'!S151 -> 1709385 | AF151: =IFERROR('Market Scenario'!S151/'Market Scenario'!S$2-1,"") -> 0.049348801 | AG151: ='Market Scenario'!T151 -> 22506.31 | AH151: =IFERROR('Market Scenario'!T151/'Market Scenario'!T$2-1,"") -> 0.064250911 | AI151: ='Market Scenario'!U151 -> 447557.5 | AJ151: =IFERROR('Market Scenario'!U151/'Market Scenario'!U$2-1,"") -> 0.024846413 | AK151: ='Market Scenario'!V151 -> 44049.76 | AL151: =IFERROR('Market Scenario'!V151/'Market Scenario'!V$2-1,"") -> -0.010017865 | AM151: ='Market Scenario'!W151 -> 388188.9 | AN151: =IFERROR('Market Scenario'!W151/'Market Scenario'!W$2-1,"") -> 0.21318168 | AO151: ='Market Scenario'!X151 -> 455966.4 | AP151: =IFERROR('Market Scenario'!X151/'Market Scenario'!X$2-1,"") -> -0.041014782 | AQ151: ='Market Scenario'!Y151 -> 1439068 | AR151: =IFERROR('Market Scenario'!Y151/'Market Scenario'!Y$2-1,"") -> -0.0054816862 | AS151: ='Market Scenario'!Z151 -> 49995.84 | AT151: =IFERROR('Market Scenario'!Z151/'Market Scenario'!Z$2-1,"") -> 0.061405282 | AU151: ='Market Scenario'!AA151 -> 117544.2 | AV151: =IFERROR('Market Scenario'!AA151/'Market Scenario'!AA$2-1,"") -> -0.07144059 | AW151: ='Market Scenario'!AB151 -> 469267.8 | AX151: =IFERROR('Market Scenario'!AB151/'Market Scenario'!AB$2-1,"") -> -0.012104602 | AY151: ='Market Scenario'!AC151 -> 382616 | AZ151: =IFERROR('Market Scenario'!AC151/'Market Scenario'!AC$2-1,"") -> 0.012212711 | BA151: ='Market Scenario'!AD151 -> 424975.1 | BB151: =IFERROR('Market Scenario'!AD151/'Market Scenario'!AD$2-1,"") -> -0.009318777 | BC151: ='Market Scenario'!AE151 -> 101281.7 | BD151: =IFERROR('Market Scenario'!AE151/'Market Scenario'!AE$2-1,"") -> 0.033418824 | BE151: ='Market Scenario'!AF151 -> 120381.2 | BF151: =IFERROR('Market Scenario'!AF151/'Market Scenario'!AF$2-1,"") -> -0.0033728349 | BG151: ='Market Scenario'!AG151 -> 182989.9 | BH151: =IFERROR('Market Scenario'!AG151/'Market Scenario'!AG$2-1,"") -> 0.27720955 | BI151: ='Market Scenario'!AH151 -> 194200.1 | BJ151: =IFERROR('Market Scenario'!AH151/'Market Scenario'!AH$2-1,"") -> 0.030888416 | BK151: ='Market Scenario'!AI151 -> 105630.3 | BL151: =IFERROR('Market Scenario'!AI151/'Market Scenario'!AI$2-1,"") -> 0.0031977252 | BM151: ='Market Scenario'!AJ151 -> 192997.5 | BN151: =IFERROR('Market Scenario'!AJ151/'Market Scenario'!AJ$2-1,"") -> 0.23880885 | BO151: ='Market Scenario'!AK151 -> 122230 | BP151: =IFERROR('Market Scenario'!AK151/'Market Scenario'!AK$2-1,"") -> -0.034574598 | BQ151: ='Market Scenario'!AL151 -> 131307.8 | BR151: =IFERROR('Market Scenario'!AL151/'Market Scenario'!AL$2-1,"") -> 0.0064985436 | BS151: ='Market Scenario'!AM151 -> 106539.8 | BT151: =IFERROR('Market Scenario'!AM151/'Market Scenario'!AM$2-1,"") -> -0.26883705 | BU151: ='Market Scenario'!AN151 -> 102868.6 | BV151: =IFERROR('Market Scenario'!AN151/'Market Scenario'!AN$2-1,"") -> -0.027430299 | BW151: ='Market Scenario'!AO151 -> 156671.5 | BX151: =IFERROR('Market Scenario'!AO151/'Market Scenario'!AO$2-1,"") -> -0.0070746915 | BY151: ='Market Scenario'!AP151 -> 127486.5 | BZ151: =IFERROR('Market Scenario'!AP151/'Market Scenario'!AP$2-1,"") -> -0.0023749902 | CA151: ='Market Scenario'!AQ151 -> 114139.1 | CB151: =IFERROR('Market Scenario'!AQ151/'Market Scenario'!AQ$2-1,"") -> 0.0033800831 | CC151: ='Market Scenario'!AR151 -> 1516156 | CD151: =IFERROR('Market Scenario'!AR151/'Market Scenario'!AR$2-1,"") -> 0.021098052 | CE151: ='Market Scenario'!AS151 -> 20854.88 | CF151: =IFERROR('Market Scenario'!AS151/'Market Scenario'!AS$2-1,"") -> 0.033682737 | CG151: ='Market Scenario'!AT151 -> 17193.29 | CH151: =IFERROR('Market Scenario'!AT151/'Market Scenario'!AT$2-1,"") -> 0.0063365414 | CI151: ='Market Scenario'!AU151 -> 119044.4 | CJ151: =IFERROR('Market Scenario'!AU151/'Market Scenario'!AU$2-1,"") -> -0.028222465 | CK151: ='Market Scenario'!AV151 -> 242769 | CL151: =IFERROR('Market Scenario'!AV151/'Market Scenario'!AV$2-1,"") -> 0.12634699 | CM151: ='Market Scenario'!AW151 -> 145.19 | CN151: =IFERROR('Market Scenario'!AW151/'Market Scenario'!AW$2-1,"") -> -0.044676931 | CO151: ='Market Scenario'!AX151 -> 1276931 | CP151: =IFERROR('Market Scenario'!AX151/'Market Scenario'!AX$2-1,"") -> -0.016924895 | CQ151: ='Market Scenario'!AY151 -> 4182177 | CR151: =IFERROR('Market Scenario'!AY151/'Market Scenario'!AY$2-1,"") -> -0.010757732 | CS151: ='Market Scenario'!AZ151 -> 42776.11 | CT151: =IFERROR('Market Scenario'!AZ151/'Market Scenario'!AZ$2-1,"") -> 0.27372059 | CU151: ='Market Scenario'!BA151 -> 658452.2 | CV151: =IFERROR('Market Scenario'!BA151/'Market Scenario'!BA$2-1,"") -> -0.031734219 | CW151: ='Market Scenario'!BB151 -> 496372.4 | CX151: =IFERROR('Market Scenario'!BB151/'Market Scenario'!BB$2-1,"") -> 0.051746295 | CY151: ='Market Scenario'!BC151 -> 42390.28 | CZ151: =IFERROR('Market Scenario'!BC151/'Market Scenario'!BC$2-1,"") -> 0.0051044458 | DA151: ='Market Scenario'!BD151 -> 51771.59 | DB151: =IFERROR('Market Scenario'!BD151/'Market Scenario'!BD$2-1,"") -> -0.048332105
A152: ='Market Scenario'!A152 -> Scenario 2 | B152: ='Market Scenario'!B152 -> 151 | C152: ='Market Scenario'!C152 -> 1 | D152: ='Market Scenario'!D152 -> Fake Positive News | E152: ='Market Scenario'!E152 -> 151 | F152: ='Market Scenario'!F152 -> TRADING | G152: ='Market Scenario'!G152 -> 155004 | H152: =IFERROR('Market Scenario'!G152/'Market Scenario'!G$152-1,"") -> 0 | I152: ='Market Scenario'!H152 -> 222694.3 | J152: =IFERROR('Market Scenario'!H152/'Market Scenario'!H$152-1,"") -> 0 | K152: ='Market Scenario'!I152 -> 164049.4 | L152: =IFERROR('Market Scenario'!I152/'Market Scenario'!I$152-1,"") -> 0 | M152: ='Market Scenario'!J152 -> 272269.4 | N152: =IFERROR('Market Scenario'!J152/'Market Scenario'!J$152-1,"") -> 0 | O152: ='Market Scenario'!K152 -> 605272.6 | P152: =IFERROR('Market Scenario'!K152/'Market Scenario'!K$152-1,"") -> 0 | Q152: ='Market Scenario'!L152 -> 546623.1 | R152: =IFERROR('Market Scenario'!L152/'Market Scenario'!L$152-1,"") -> 0 | S152: ='Market Scenario'!M152 -> 235439.7 | T152: =IFERROR('Market Scenario'!M152/'Market Scenario'!M$152-1,"") -> 0 | U152: ='Market Scenario'!N152 -> 373195.4 | V152: =IFERROR('Market Scenario'!N152/'Market Scenario'!N$152-1,"") -> 0 | W152: ='Market Scenario'!O152 -> 703530.1 | X152: =IFERROR('Market Scenario'!O152/'Market Scenario'!O$152-1,"") -> 0 | Y152: ='Market Scenario'!P152 -> 1170876 | Z152: =IFERROR('Market Scenario'!P152/'Market Scenario'!P$152-1,"") -> 0 | AA152: ='Market Scenario'!Q152 -> 352613.1 | AB152: =IFERROR('Market Scenario'!Q152/'Market Scenario'!Q$152-1,"") -> 0 | AC152: ='Market Scenario'!R152 -> 296491.6 | AD152: =IFERROR('Market Scenario'!R152/'Market Scenario'!R$152-1,"") -> 0 | AE152: ='Market Scenario'!S152 -> 1709385 | AF152: =IFERROR('Market Scenario'!S152/'Market Scenario'!S$152-1,"") -> 0 | AG152: ='Market Scenario'!T152 -> 22506.31 | AH152: =IFERROR('Market Scenario'!T152/'Market Scenario'!T$152-1,"") -> 0 | AI152: ='Market Scenario'!U152 -> 447557.5 | AJ152: =IFERROR('Market Scenario'!U152/'Market Scenario'!U$152-1,"") -> 0 | AK152: ='Market Scenario'!V152 -> 44049.76 | AL152: =IFERROR('Market Scenario'!V152/'Market Scenario'!V$152-1,"") -> 0 | AM152: ='Market Scenario'!W152 -> 388188.9 | AN152: =IFERROR('Market Scenario'!W152/'Market Scenario'!W$152-1,"") -> 0 | AO152: ='Market Scenario'!X152 -> 455966.4 | AP152: =IFERROR('Market Scenario'!X152/'Market Scenario'!X$152-1,"") -> 0 | AQ152: ='Market Scenario'!Y152 -> 1439068 | AR152: =IFERROR('Market Scenario'!Y152/'Market Scenario'!Y$152-1,"") -> 0 | AS152: ='Market Scenario'!Z152 -> 49995.84 | AT152: =IFERROR('Market Scenario'!Z152/'Market Scenario'!Z$152-1,"") -> 0 | AU152: ='Market Scenario'!AA152 -> 117544.2 | AV152: =IFERROR('Market Scenario'!AA152/'Market Scenario'!AA$152-1,"") -> 0 | AW152: ='Market Scenario'!AB152 -> 469267.8 | AX152: =IFERROR('Market Scenario'!AB152/'Market Scenario'!AB$152-1,"") -> 0 | AY152: ='Market Scenario'!AC152 -> 382616 | AZ152: =IFERROR('Market Scenario'!AC152/'Market Scenario'!AC$152-1,"") -> 0 | BA152: ='Market Scenario'!AD152 -> 424975.1 | BB152: =IFERROR('Market Scenario'!AD152/'Market Scenario'!AD$152-1,"") -> 0 | BC152: ='Market Scenario'!AE152 -> 101281.7 | BD152: =IFERROR('Market Scenario'!AE152/'Market Scenario'!AE$152-1,"") -> 0 | BE152: ='Market Scenario'!AF152 -> 120381.2 | BF152: =IFERROR('Market Scenario'!AF152/'Market Scenario'!AF$152-1,"") -> 0 | BG152: ='Market Scenario'!AG152 -> 182989.9 | BH152: =IFERROR('Market Scenario'!AG152/'Market Scenario'!AG$152-1,"") -> 0 | BI152: ='Market Scenario'!AH152 -> 194200.1 | BJ152: =IFERROR('Market Scenario'!AH152/'Market Scenario'!AH$152-1,"") -> 0 | BK152: ='Market Scenario'!AI152 -> 105630.3 | BL152: =IFERROR('Market Scenario'!AI152/'Market Scenario'!AI$152-1,"") -> 0 | BM152: ='Market Scenario'!AJ152 -> 192997.5 | BN152: =IFERROR('Market Scenario'!AJ152/'Market Scenario'!AJ$152-1,"") -> 0 | BO152: ='Market Scenario'!AK152 -> 122230 | BP152: =IFERROR('Market Scenario'!AK152/'Market Scenario'!AK$152-1,"") -> 0 | BQ152: ='Market Scenario'!AL152 -> 131307.8 | BR152: =IFERROR('Market Scenario'!AL152/'Market Scenario'!AL$152-1,"") -> 0 | BS152: ='Market Scenario'!AM152 -> 106539.8 | BT152: =IFERROR('Market Scenario'!AM152/'Market Scenario'!AM$152-1,"") -> 0 | BU152: ='Market Scenario'!AN152 -> 102868.6 | BV152: =IFERROR('Market Scenario'!AN152/'Market Scenario'!AN$152-1,"") -> 0 | BW152: ='Market Scenario'!AO152 -> 156671.5 | BX152: =IFERROR('Market Scenario'!AO152/'Market Scenario'!AO$152-1,"") -> 0 | BY152: ='Market Scenario'!AP152 -> 127486.5 | BZ152: =IFERROR('Market Scenario'!AP152/'Market Scenario'!AP$152-1,"") -> 0 | CA152: ='Market Scenario'!AQ152 -> 114139.1 | CB152: =IFERROR('Market Scenario'!AQ152/'Market Scenario'!AQ$152-1,"") -> 0 | CC152: ='Market Scenario'!AR152 -> 1516156 | CD152: =IFERROR('Market Scenario'!AR152/'Market Scenario'!AR$152-1,"") -> 0 | CE152: ='Market Scenario'!AS152 -> 20854.88 | CF152: =IFERROR('Market Scenario'!AS152/'Market Scenario'!AS$152-1,"") -> 0 | CG152: ='Market Scenario'!AT152 -> 17193.29 | CH152: =IFERROR('Market Scenario'!AT152/'Market Scenario'!AT$152-1,"") -> 0 | CI152: ='Market Scenario'!AU152 -> 119044.4 | CJ152: =IFERROR('Market Scenario'!AU152/'Market Scenario'!AU$152-1,"") -> 0 | CK152: ='Market Scenario'!AV152 -> 242769 | CL152: =IFERROR('Market Scenario'!AV152/'Market Scenario'!AV$152-1,"") -> 0 | CM152: ='Market Scenario'!AW152 -> 145.19 | CN152: =IFERROR('Market Scenario'!AW152/'Market Scenario'!AW$152-1,"") -> 0 | CO152: ='Market Scenario'!AX152 -> 1276931 | CP152: =IFERROR('Market Scenario'!AX152/'Market Scenario'!AX$152-1,"") -> 0 | CQ152: ='Market Scenario'!AY152 -> 4182177 | CR152: =IFERROR('Market Scenario'!AY152/'Market Scenario'!AY$152-1,"") -> 0 | CS152: ='Market Scenario'!AZ152 -> 42776.11 | CT152: =IFERROR('Market Scenario'!AZ152/'Market Scenario'!AZ$152-1,"") -> 0 | CU152: ='Market Scenario'!BA152 -> 658452.2 | CV152: =IFERROR('Market Scenario'!BA152/'Market Scenario'!BA$152-1,"") -> 0 | CW152: ='Market Scenario'!BB152 -> 496372.4 | CX152: =IFERROR('Market Scenario'!BB152/'Market Scenario'!BB$152-1,"") -> 0 | CY152: ='Market Scenario'!BC152 -> 42390.28 | CZ152: =IFERROR('Market Scenario'!BC152/'Market Scenario'!BC$152-1,"") -> 0 | DA152: ='Market Scenario'!BD152 -> 51771.59 | DB152: =IFERROR('Market Scenario'!BD152/'Market Scenario'!BD$152-1,"") -> 0
A153: ='Market Scenario'!A153 -> Scenario 2 | B153: ='Market Scenario'!B153 -> 152 | C153: ='Market Scenario'!C153 -> 1 | D153: ='Market Scenario'!D153 -> Fake Positive News | E153: ='Market Scenario'!E153 -> 152 | F153: ='Market Scenario'!F153 -> TRADING | G153: ='Market Scenario'!G153 -> 154610.8 | H153: =IFERROR('Market Scenario'!G153/'Market Scenario'!G$152-1,"") -> -0.0025367087 | I153: ='Market Scenario'!H153 -> 223037.6 | J153: =IFERROR('Market Scenario'!H153/'Market Scenario'!H$152-1,"") -> 0.0015415752 | K153: ='Market Scenario'!I153 -> 164064.8 | L153: =IFERROR('Market Scenario'!I153/'Market Scenario'!I$152-1,"") -> 9.3874162e-05 | M153: ='Market Scenario'!J153 -> 272098.9 | N153: =IFERROR('Market Scenario'!J153/'Market Scenario'!J$152-1,"") -> -0.000626218 | O153: ='Market Scenario'!K153 -> 606873.5 | P153: =IFERROR('Market Scenario'!K153/'Market Scenario'!K$152-1,"") -> 0.002644924 | Q153: ='Market Scenario'!L153 -> 548350.4 | R153: =IFERROR('Market Scenario'!L153/'Market Scenario'!L$152-1,"") -> 0.003159947 | S153: ='Market Scenario'!M153 -> 235338.9 | T153: =IFERROR('Market Scenario'!M153/'Market Scenario'!M$152-1,"") -> -0.0004281351 | U153: ='Market Scenario'!N153 -> 373685.4 | V153: =IFERROR('Market Scenario'!N153/'Market Scenario'!N$152-1,"") -> 0.0013129851 | W153: ='Market Scenario'!O153 -> 703266.8 | X153: =IFERROR('Market Scenario'!O153/'Market Scenario'!O$152-1,"") -> -0.00037425549 | Y153: ='Market Scenario'!P153 -> 1168722 | Z153: =IFERROR('Market Scenario'!P153/'Market Scenario'!P$152-1,"") -> -0.0018396483 | AA153: ='Market Scenario'!Q153 -> 353263.7 | AB153: =IFERROR('Market Scenario'!Q153/'Market Scenario'!Q$152-1,"") -> 0.0018450818 | AC153: ='Market Scenario'!R153 -> 296833.6 | AD153: =IFERROR('Market Scenario'!R153/'Market Scenario'!R$152-1,"") -> 0.0011534897 | AE153: ='Market Scenario'!S153 -> 1712672 | AF153: =IFERROR('Market Scenario'!S153/'Market Scenario'!S$152-1,"") -> 0.0019229138 | AG153: ='Market Scenario'!T153 -> 22542.81 | AH153: =IFERROR('Market Scenario'!T153/'Market Scenario'!T$152-1,"") -> 0.0016217674 | AI153: ='Market Scenario'!U153 -> 446563.9 | AJ153: =IFERROR('Market Scenario'!U153/'Market Scenario'!U$152-1,"") -> -0.0022200499 | AK153: ='Market Scenario'!V153 -> 44089.08 | AL153: =IFERROR('Market Scenario'!V153/'Market Scenario'!V$152-1,"") -> 0.00089262688 | AM153: ='Market Scenario'!W153 -> 388615.5 | AN153: =IFERROR('Market Scenario'!W153/'Market Scenario'!W$152-1,"") -> 0.0010989495 | AO153: ='Market Scenario'!X153 -> 455839.4 | AP153: =IFERROR('Market Scenario'!X153/'Market Scenario'!X$152-1,"") -> -0.0002785293 | AQ153: ='Market Scenario'!Y153 -> 1440902 | AR153: =IFERROR('Market Scenario'!Y153/'Market Scenario'!Y$152-1,"") -> 0.001274436 | AS153: ='Market Scenario'!Z153 -> 49979.87 | AT153: =IFERROR('Market Scenario'!Z153/'Market Scenario'!Z$152-1,"") -> -0.00031942658 | AU153: ='Market Scenario'!AA153 -> 117702.2 | AV153: =IFERROR('Market Scenario'!AA153/'Market Scenario'!AA$152-1,"") -> 0.0013441752 | AW153: ='Market Scenario'!AB153 -> 469732.5 | AX153: =IFERROR('Market Scenario'!AB153/'Market Scenario'!AB$152-1,"") -> 0.00099026611 | AY153: ='Market Scenario'!AC153 -> 382743.3 | AZ153: =IFERROR('Market Scenario'!AC153/'Market Scenario'!AC$152-1,"") -> 0.00033270956 | BA153: ='Market Scenario'!AD153 -> 425008.6 | BB153: =IFERROR('Market Scenario'!AD153/'Market Scenario'!AD$152-1,"") -> 7.8828148e-05 | BC153: ='Market Scenario'!AE153 -> 101027.8 | BD153: =IFERROR('Market Scenario'!AE153/'Market Scenario'!AE$152-1,"") -> -0.0025068695 | BE153: ='Market Scenario'!AF153 -> 120375.6 | BF153: =IFERROR('Market Scenario'!AF153/'Market Scenario'!AF$152-1,"") -> -4.6518892e-05 | BG153: ='Market Scenario'!AG153 -> 182789.1 | BH153: =IFERROR('Market Scenario'!AG153/'Market Scenario'!AG$152-1,"") -> -0.0010973283 | BI153: ='Market Scenario'!AH153 -> 193697.9 | BJ153: =IFERROR('Market Scenario'!AH153/'Market Scenario'!AH$152-1,"") -> -0.0025859925 | BK153: ='Market Scenario'!AI153 -> 105653.3 | BL153: =IFERROR('Market Scenario'!AI153/'Market Scenario'!AI$152-1,"") -> 0.00021774055 | BM153: ='Market Scenario'!AJ153 -> 193247.5 | BN153: =IFERROR('Market Scenario'!AJ153/'Market Scenario'!AJ$152-1,"") -> 0.0012953536 | BO153: ='Market Scenario'!AK153 -> 122125.2 | BP153: =IFERROR('Market Scenario'!AK153/'Market Scenario'!AK$152-1,"") -> -0.00085739998 | BQ153: ='Market Scenario'!AL153 -> 131307.3 | BR153: =IFERROR('Market Scenario'!AL153/'Market Scenario'!AL$152-1,"") -> -3.8078469e-06 | BS153: ='Market Scenario'!AM153 -> 106304.5 | BT153: =IFERROR('Market Scenario'!AM153/'Market Scenario'!AM$152-1,"") -> -0.0022085643 | BU153: ='Market Scenario'!AN153 -> 102879.9 | BV153: =IFERROR('Market Scenario'!AN153/'Market Scenario'!AN$152-1,"") -> 0.00010984888 | BW153: ='Market Scenario'!AO153 -> 156636.1 | BX153: =IFERROR('Market Scenario'!AO153/'Market Scenario'!AO$152-1,"") -> -0.00022595048 | BY153: ='Market Scenario'!AP153 -> 127512.1 | BZ153: =IFERROR('Market Scenario'!AP153/'Market Scenario'!AP$152-1,"") -> 0.00020080558 | CA153: ='Market Scenario'!AQ153 -> 114166.9 | CB153: =IFERROR('Market Scenario'!AQ153/'Market Scenario'!AQ$152-1,"") -> 0.00024356246 | CC153: ='Market Scenario'!AR153 -> 1519923 | CD153: =IFERROR('Market Scenario'!AR153/'Market Scenario'!AR$152-1,"") -> 0.0024845728 | CE153: ='Market Scenario'!AS153 -> 20864.87 | CF153: =IFERROR('Market Scenario'!AS153/'Market Scenario'!AS$152-1,"") -> 0.00047902457 | CG153: ='Market Scenario'!AT153 -> 17208.92 | CH153: =IFERROR('Market Scenario'!AT153/'Market Scenario'!AT$152-1,"") -> 0.00090907558 | CI153: ='Market Scenario'!AU153 -> 119138.3 | CJ153: =IFERROR('Market Scenario'!AU153/'Market Scenario'!AU$152-1,"") -> 0.00078878133 | CK153: ='Market Scenario'!AV153 -> 243365.1 | CL153: =IFERROR('Market Scenario'!AV153/'Market Scenario'!AV$152-1,"") -> 0.0024554206 | CM153: ='Market Scenario'!AW153 -> 145.4197 | CN153: =IFERROR('Market Scenario'!AW153/'Market Scenario'!AW$152-1,"") -> 0.0015820649 | CO153: ='Market Scenario'!AX153 -> 1276362 | CP153: =IFERROR('Market Scenario'!AX153/'Market Scenario'!AX$152-1,"") -> -0.00044559964 | CQ153: ='Market Scenario'!AY153 -> 4178104 | CR153: =IFERROR('Market Scenario'!AY153/'Market Scenario'!AY$152-1,"") -> -0.0009738947 | CS153: ='Market Scenario'!AZ153 -> 42714.9 | CT153: =IFERROR('Market Scenario'!AZ153/'Market Scenario'!AZ$152-1,"") -> -0.0014309389 | CU153: ='Market Scenario'!BA153 -> 659226.8 | CV153: =IFERROR('Market Scenario'!BA153/'Market Scenario'!BA$152-1,"") -> 0.0011763952 | CW153: ='Market Scenario'!BB153 -> 497345.3 | CX153: =IFERROR('Market Scenario'!BB153/'Market Scenario'!BB$152-1,"") -> 0.0019600203 | CY153: ='Market Scenario'!BC153 -> 42375.24 | CZ153: =IFERROR('Market Scenario'!BC153/'Market Scenario'!BC$152-1,"") -> -0.00035479832 | DA153: ='Market Scenario'!BD153 -> 51762.12 | DB153: =IFERROR('Market Scenario'!BD153/'Market Scenario'!BD$152-1,"") -> -0.00018291886
A154: ='Market Scenario'!A154 -> Scenario 2 | B154: ='Market Scenario'!B154 -> 153 | C154: ='Market Scenario'!C154 -> 1 | D154: ='Market Scenario'!D154 -> Fake Positive News | E154: ='Market Scenario'!E154 -> 153 | F154: ='Market Scenario'!F154 -> TRADING | G154: ='Market Scenario'!G154 -> 154469 | H154: =IFERROR('Market Scenario'!G154/'Market Scenario'!G$152-1,"") -> -0.0034515238 | I154: ='Market Scenario'!H154 -> 223525 | J154: =IFERROR('Market Scenario'!H154/'Market Scenario'!H$152-1,"") -> 0.0037302257 | K154: ='Market Scenario'!I154 -> 163952.4 | L154: =IFERROR('Market Scenario'!I154/'Market Scenario'!I$152-1,"") -> -0.00059128531 | M154: ='Market Scenario'!J154 -> 271862.7 | N154: =IFERROR('Market Scenario'!J154/'Market Scenario'!J$152-1,"") -> -0.0014937411 | O154: ='Market Scenario'!K154 -> 607817.3 | P154: =IFERROR('Market Scenario'!K154/'Market Scenario'!K$152-1,"") -> 0.0042042214 | Q154: ='Market Scenario'!L154 -> 549230.5 | R154: =IFERROR('Market Scenario'!L154/'Market Scenario'!L$152-1,"") -> 0.0047700143 | S154: ='Market Scenario'!M154 -> 235123.9 | T154: =IFERROR('Market Scenario'!M154/'Market Scenario'!M$152-1,"") -> -0.0013413201 | U154: ='Market Scenario'!N154 -> 374229.8 | V154: =IFERROR('Market Scenario'!N154/'Market Scenario'!N$152-1,"") -> 0.0027717383 | W154: ='Market Scenario'!O154 -> 703113.1 | X154: =IFERROR('Market Scenario'!O154/'Market Scenario'!O$152-1,"") -> -0.00059272517 | Y154: ='Market Scenario'!P154 -> 1167170 | Z154: =IFERROR('Market Scenario'!P154/'Market Scenario'!P$152-1,"") -> -0.0031651516 | AA154: ='Market Scenario'!Q154 -> 353830.2 | AB154: =IFERROR('Market Scenario'!Q154/'Market Scenario'!Q$152-1,"") -> 0.0034516585 | AC154: ='Market Scenario'!R154 -> 297434.6 | AD154: =IFERROR('Market Scenario'!R154/'Market Scenario'!R$152-1,"") -> 0.0031805286 | AE154: ='Market Scenario'!S154 -> 1718303 | AF154: =IFERROR('Market Scenario'!S154/'Market Scenario'!S$152-1,"") -> 0.005217081 | AG154: ='Market Scenario'!T154 -> 22590.44 | AH154: =IFERROR('Market Scenario'!T154/'Market Scenario'!T$152-1,"") -> 0.0037380628 | AI154: ='Market Scenario'!U154 -> 445790.6 | AJ154: =IFERROR('Market Scenario'!U154/'Market Scenario'!U$152-1,"") -> -0.0039478726 | AK154: ='Market Scenario'!V154 -> 44103.79 | AL154: =IFERROR('Market Scenario'!V154/'Market Scenario'!V$152-1,"") -> 0.0012265674 | AM154: ='Market Scenario'!W154 -> 388966.4 | AN154: =IFERROR('Market Scenario'!W154/'Market Scenario'!W$152-1,"") -> 0.0020028909 | AO154: ='Market Scenario'!X154 -> 455845.5 | AP154: =IFERROR('Market Scenario'!X154/'Market Scenario'!X$152-1,"") -> -0.00026515112 | AQ154: ='Market Scenario'!Y154 -> 1442587 | AR154: =IFERROR('Market Scenario'!Y154/'Market Scenario'!Y$152-1,"") -> 0.0024453327 | AS154: ='Market Scenario'!Z154 -> 49916.45 | AT154: =IFERROR('Market Scenario'!Z154/'Market Scenario'!Z$152-1,"") -> -0.0015879321 | AU154: ='Market Scenario'!AA154 -> 117876.2 | AV154: =IFERROR('Market Scenario'!AA154/'Market Scenario'!AA$152-1,"") -> 0.0028244694 | AW154: ='Market Scenario'!AB154 -> 470379.8 | AX154: =IFERROR('Market Scenario'!AB154/'Market Scenario'!AB$152-1,"") -> 0.0023696491 | AY154: ='Market Scenario'!AC154 -> 382884.7 | AZ154: =IFERROR('Market Scenario'!AC154/'Market Scenario'!AC$152-1,"") -> 0.00070227068 | BA154: ='Market Scenario'!AD154 -> 424905.7 | BB154: =IFERROR('Market Scenario'!AD154/'Market Scenario'!AD$152-1,"") -> -0.00016330369 | BC154: ='Market Scenario'!AE154 -> 100876.7 | BD154: =IFERROR('Market Scenario'!AE154/'Market Scenario'!AE$152-1,"") -> -0.003998748 | BE154: ='Market Scenario'!AF154 -> 120388.3 | BF154: =IFERROR('Market Scenario'!AF154/'Market Scenario'!AF$152-1,"") -> 5.8979309e-05 | BG154: ='Market Scenario'!AG154 -> 182495.9 | BH154: =IFERROR('Market Scenario'!AG154/'Market Scenario'!AG$152-1,"") -> -0.0026996025 | BI154: ='Market Scenario'!AH154 -> 193636 | BJ154: =IFERROR('Market Scenario'!AH154/'Market Scenario'!AH$152-1,"") -> -0.0029047359 | BK154: ='Market Scenario'!AI154 -> 105645.5 | BL154: =IFERROR('Market Scenario'!AI154/'Market Scenario'!AI$152-1,"") -> 0.00014389811 | BM154: ='Market Scenario'!AJ154 -> 193459.8 | BN154: =IFERROR('Market Scenario'!AJ154/'Market Scenario'!AJ$152-1,"") -> 0.0023953678 | BO154: ='Market Scenario'!AK154 -> 121916.2 | BP154: =IFERROR('Market Scenario'!AK154/'Market Scenario'!AK$152-1,"") -> -0.0025672912 | BQ154: ='Market Scenario'!AL154 -> 131280.2 | BR154: =IFERROR('Market Scenario'!AL154/'Market Scenario'!AL$152-1,"") -> -0.00021019315 | BS154: ='Market Scenario'!AM154 -> 106050 | BT154: =IFERROR('Market Scenario'!AM154/'Market Scenario'!AM$152-1,"") -> -0.004597343 | BU154: ='Market Scenario'!AN154 -> 102885.7 | BV154: =IFERROR('Market Scenario'!AN154/'Market Scenario'!AN$152-1,"") -> 0.00016623148 | BW154: ='Market Scenario'!AO154 -> 156603.6 | BX154: =IFERROR('Market Scenario'!AO154/'Market Scenario'!AO$152-1,"") -> -0.00043339088 | BY154: ='Market Scenario'!AP154 -> 127498.7 | BZ154: =IFERROR('Market Scenario'!AP154/'Market Scenario'!AP$152-1,"") -> 9.5696407e-05 | CA154: ='Market Scenario'!AQ154 -> 114173.2 | CB154: =IFERROR('Market Scenario'!AQ154/'Market Scenario'!AQ$152-1,"") -> 0.00029875827 | CC154: ='Market Scenario'!AR154 -> 1521713 | CD154: =IFERROR('Market Scenario'!AR154/'Market Scenario'!AR$152-1,"") -> 0.0036651901 | CE154: ='Market Scenario'!AS154 -> 20890.68 | CF154: =IFERROR('Market Scenario'!AS154/'Market Scenario'!AS$152-1,"") -> 0.0017166246 | CG154: ='Market Scenario'!AT154 -> 17198.68 | CH154: =IFERROR('Market Scenario'!AT154/'Market Scenario'!AT$152-1,"") -> 0.00031349439 | CI154: ='Market Scenario'!AU154 -> 119215.7 | CJ154: =IFERROR('Market Scenario'!AU154/'Market Scenario'!AU$152-1,"") -> 0.0014389589 | CK154: ='Market Scenario'!AV154 -> 244077.3 | CL154: =IFERROR('Market Scenario'!AV154/'Market Scenario'!AV$152-1,"") -> 0.0053890736 | CM154: ='Market Scenario'!AW154 -> 145.7791 | CN154: =IFERROR('Market Scenario'!AW154/'Market Scenario'!AW$152-1,"") -> 0.004057442 | CO154: ='Market Scenario'!AX154 -> 1277135 | CP154: =IFERROR('Market Scenario'!AX154/'Market Scenario'!AX$152-1,"") -> 0.00015975804 | CQ154: ='Market Scenario'!AY154 -> 4177230 | CR154: =IFERROR('Market Scenario'!AY154/'Market Scenario'!AY$152-1,"") -> -0.0011828768 | CS154: ='Market Scenario'!AZ154 -> 42656.15 | CT154: =IFERROR('Market Scenario'!AZ154/'Market Scenario'!AZ$152-1,"") -> -0.0028043691 | CU154: ='Market Scenario'!BA154 -> 660388.6 | CV154: =IFERROR('Market Scenario'!BA154/'Market Scenario'!BA$152-1,"") -> 0.0029408361 | CW154: ='Market Scenario'!BB154 -> 498359.6 | CX154: =IFERROR('Market Scenario'!BB154/'Market Scenario'!BB$152-1,"") -> 0.0040034458 | CY154: ='Market Scenario'!BC154 -> 42373.16 | CZ154: =IFERROR('Market Scenario'!BC154/'Market Scenario'!BC$152-1,"") -> -0.00040386617 | DA154: ='Market Scenario'!BD154 -> 51788.37 | DB154: =IFERROR('Market Scenario'!BD154/'Market Scenario'!BD$152-1,"") -> 0.00032411599
A155: ='Market Scenario'!A155 -> Scenario 2 | B155: ='Market Scenario'!B155 -> 154 | C155: ='Market Scenario'!C155 -> 1 | D155: ='Market Scenario'!D155 -> Fake Positive News | E155: ='Market Scenario'!E155 -> 154 | F155: ='Market Scenario'!F155 -> TRADING | G155: ='Market Scenario'!G155 -> 154112.7 | H155: =IFERROR('Market Scenario'!G155/'Market Scenario'!G$152-1,"") -> -0.0057501742 | I155: ='Market Scenario'!H155 -> 224050.7 | J155: =IFERROR('Market Scenario'!H155/'Market Scenario'!H$152-1,"") -> 0.0060908609 | K155: ='Market Scenario'!I155 -> 163724.8 | L155: =IFERROR('Market Scenario'!I155/'Market Scenario'!I$152-1,"") -> -0.0019786723 | M155: ='Market Scenario'!J155 -> 271771.9 | N155: =IFERROR('Market Scenario'!J155/'Market Scenario'!J$152-1,"") -> -0.0018272343 | O155: ='Market Scenario'!K155 -> 609515 | P155: =IFERROR('Market Scenario'!K155/'Market Scenario'!K$152-1,"") -> 0.0070090733 | Q155: ='Market Scenario'!L155 -> 550385.1 | R155: =IFERROR('Market Scenario'!L155/'Market Scenario'!L$152-1,"") -> 0.0068822558 | S155: ='Market Scenario'!M155 -> 234998.1 | T155: =IFERROR('Market Scenario'!M155/'Market Scenario'!M$152-1,"") -> -0.0018756395 | U155: ='Market Scenario'!N155 -> 374855.4 | V155: =IFERROR('Market Scenario'!N155/'Market Scenario'!N$152-1,"") -> 0.004448072 | W155: ='Market Scenario'!O155 -> 703175.4 | X155: =IFERROR('Market Scenario'!O155/'Market Scenario'!O$152-1,"") -> -0.00050417175 | Y155: ='Market Scenario'!P155 -> 1165681 | Z155: =IFERROR('Market Scenario'!P155/'Market Scenario'!P$152-1,"") -> -0.004436849 | AA155: ='Market Scenario'!Q155 -> 354546.1 | AB155: =IFERROR('Market Scenario'!Q155/'Market Scenario'!Q$152-1,"") -> 0.0054819291 | AC155: ='Market Scenario'!R155 -> 297580 | AD155: =IFERROR('Market Scenario'!R155/'Market Scenario'!R$152-1,"") -> 0.0036709303 | AE155: ='Market Scenario'!S155 -> 1721770 | AF155: =IFERROR('Market Scenario'!S155/'Market Scenario'!S$152-1,"") -> 0.0072452958 | AG155: ='Market Scenario'!T155 -> 22632.41 | AH155: =IFERROR('Market Scenario'!T155/'Market Scenario'!T$152-1,"") -> 0.0056028731 | AI155: ='Market Scenario'!U155 -> 444434.8 | AJ155: =IFERROR('Market Scenario'!U155/'Market Scenario'!U$152-1,"") -> -0.006977204 | AK155: ='Market Scenario'!V155 -> 44067.87 | AL155: =IFERROR('Market Scenario'!V155/'Market Scenario'!V$152-1,"") -> 0.00041112596 | AM155: ='Market Scenario'!W155 -> 389363.9 | AN155: =IFERROR('Market Scenario'!W155/'Market Scenario'!W$152-1,"") -> 0.0030268769 | AO155: ='Market Scenario'!X155 -> 455804.6 | AP155: =IFERROR('Market Scenario'!X155/'Market Scenario'!X$152-1,"") -> -0.00035485071 | AQ155: ='Market Scenario'!Y155 -> 1444784 | AR155: =IFERROR('Market Scenario'!Y155/'Market Scenario'!Y$152-1,"") -> 0.0039720152 | AS155: ='Market Scenario'!Z155 -> 49846.06 | AT155: =IFERROR('Market Scenario'!Z155/'Market Scenario'!Z$152-1,"") -> -0.0029958493 | AU155: ='Market Scenario'!AA155 -> 118169.7 | AV155: =IFERROR('Market Scenario'!AA155/'Market Scenario'!AA$152-1,"") -> 0.0053214025 | AW155: ='Market Scenario'!AB155 -> 470616.8 | AX155: =IFERROR('Market Scenario'!AB155/'Market Scenario'!AB$152-1,"") -> 0.0028746912 | AY155: ='Market Scenario'!AC155 -> 382931.6 | AZ155: =IFERROR('Market Scenario'!AC155/'Market Scenario'!AC$152-1,"") -> 0.00082484789 | BA155: ='Market Scenario'!AD155 -> 424790.8 | BB155: =IFERROR('Market Scenario'!AD155/'Market Scenario'!AD$152-1,"") -> -0.00043367247 | BC155: ='Market Scenario'!AE155 -> 100773 | BD155: =IFERROR('Market Scenario'!AE155/'Market Scenario'!AE$152-1,"") -> -0.005022625 | BE155: ='Market Scenario'!AF155 -> 120401.6 | BF155: =IFERROR('Market Scenario'!AF155/'Market Scenario'!AF$152-1,"") -> 0.00016946168 | BG155: ='Market Scenario'!AG155 -> 182398.3 | BH155: =IFERROR('Market Scenario'!AG155/'Market Scenario'!AG$152-1,"") -> -0.0032329653 | BI155: ='Market Scenario'!AH155 -> 193194.6 | BJ155: =IFERROR('Market Scenario'!AH155/'Market Scenario'!AH$152-1,"") -> -0.0051776492 | BK155: ='Market Scenario'!AI155 -> 105605.5 | BL155: =IFERROR('Market Scenario'!AI155/'Market Scenario'!AI$152-1,"") -> -0.00023478112 | BM155: ='Market Scenario'!AJ155 -> 193749.6 | BN155: =IFERROR('Market Scenario'!AJ155/'Market Scenario'!AJ$152-1,"") -> 0.0038969417 | BO155: ='Market Scenario'!AK155 -> 121976 | BP155: =IFERROR('Market Scenario'!AK155/'Market Scenario'!AK$152-1,"") -> -0.0020780496 | BQ155: ='Market Scenario'!AL155 -> 131283.3 | BR155: =IFERROR('Market Scenario'!AL155/'Market Scenario'!AL$152-1,"") -> -0.0001865845 | BS155: ='Market Scenario'!AM155 -> 105759.7 | BT155: =IFERROR('Market Scenario'!AM155/'Market Scenario'!AM$152-1,"") -> -0.0073221463 | BU155: ='Market Scenario'!AN155 -> 103002.9 | BV155: =IFERROR('Market Scenario'!AN155/'Market Scenario'!AN$152-1,"") -> 0.001305549 | BW155: ='Market Scenario'!AO155 -> 156660.1 | BX155: =IFERROR('Market Scenario'!AO155/'Market Scenario'!AO$152-1,"") -> -7.2763713e-05 | BY155: ='Market Scenario'!AP155 -> 127495.3 | BZ155: =IFERROR('Market Scenario'!AP155/'Market Scenario'!AP$152-1,"") -> 6.9026917e-05 | CA155: ='Market Scenario'!AQ155 -> 114126.9 | CB155: =IFERROR('Market Scenario'!AQ155/'Market Scenario'!AQ$152-1,"") -> -0.00010688712 | CC155: ='Market Scenario'!AR155 -> 1524732 | CD155: =IFERROR('Market Scenario'!AR155/'Market Scenario'!AR$152-1,"") -> 0.00565641 | CE155: ='Market Scenario'!AS155 -> 20898.4 | CF155: =IFERROR('Market Scenario'!AS155/'Market Scenario'!AS$152-1,"") -> 0.0020868017 | CG155: ='Market Scenario'!AT155 -> 17191.51 | CH155: =IFERROR('Market Scenario'!AT155/'Market Scenario'!AT$152-1,"") -> -0.00010352876 | CI155: ='Market Scenario'!AU155 -> 119226.6 | CJ155: =IFERROR('Market Scenario'!AU155/'Market Scenario'!AU$152-1,"") -> 0.0015305214 | CK155: ='Market Scenario'!AV155 -> 244831.8 | CL155: =IFERROR('Market Scenario'!AV155/'Market Scenario'!AV$152-1,"") -> 0.0084969663 | CM155: ='Market Scenario'!AW155 -> 145.9988 | CN155: =IFERROR('Market Scenario'!AW155/'Market Scenario'!AW$152-1,"") -> 0.0055706316 | CO155: ='Market Scenario'!AX155 -> 1277706 | CP155: =IFERROR('Market Scenario'!AX155/'Market Scenario'!AX$152-1,"") -> 0.00060692395 | CQ155: ='Market Scenario'!AY155 -> 4172325 | CR155: =IFERROR('Market Scenario'!AY155/'Market Scenario'!AY$152-1,"") -> -0.0023557109 | CS155: ='Market Scenario'!AZ155 -> 42590.76 | CT155: =IFERROR('Market Scenario'!AZ155/'Market Scenario'!AZ$152-1,"") -> -0.0043330261 | CU155: ='Market Scenario'!BA155 -> 661945.3 | CV155: =IFERROR('Market Scenario'!BA155/'Market Scenario'!BA$152-1,"") -> 0.0053050168 | CW155: ='Market Scenario'!BB155 -> 499289.7 | CX155: =IFERROR('Market Scenario'!BB155/'Market Scenario'!BB$152-1,"") -> 0.0058772406 | CY155: ='Market Scenario'!BC155 -> 42364.86 | CZ155: =IFERROR('Market Scenario'!BC155/'Market Scenario'!BC$152-1,"") -> -0.00059966577 | DA155: ='Market Scenario'!BD155 -> 51813.79 | DB155: =IFERROR('Market Scenario'!BD155/'Market Scenario'!BD$152-1,"") -> 0.00081511887
A156: ='Market Scenario'!A156 -> Scenario 2 | B156: ='Market Scenario'!B156 -> 155 | C156: ='Market Scenario'!C156 -> 1 | D156: ='Market Scenario'!D156 -> Fake Positive News | E156: ='Market Scenario'!E156 -> 155 | F156: ='Market Scenario'!F156 -> TRADING | G156: ='Market Scenario'!G156 -> 153765.8 | H156: =IFERROR('Market Scenario'!G156/'Market Scenario'!G$152-1,"") -> -0.0079881809 | I156: ='Market Scenario'!H156 -> 224475 | J156: =IFERROR('Market Scenario'!H156/'Market Scenario'!H$152-1,"") -> 0.0079961634 | K156: ='Market Scenario'!I156 -> 163654 | L156: =IFERROR('Market Scenario'!I156/'Market Scenario'!I$152-1,"") -> -0.0024102496 | M156: ='Market Scenario'!J156 -> 271371.8 | N156: =IFERROR('Market Scenario'!J156/'Market Scenario'!J$152-1,"") -> -0.0032967348 | O156: ='Market Scenario'!K156 -> 611027.4 | P156: =IFERROR('Market Scenario'!K156/'Market Scenario'!K$152-1,"") -> 0.0095077821 | Q156: ='Market Scenario'!L156 -> 551740.6 | R156: =IFERROR('Market Scenario'!L156/'Market Scenario'!L$152-1,"") -> 0.0093620266 | S156: ='Market Scenario'!M156 -> 234886.8 | T156: =IFERROR('Market Scenario'!M156/'Market Scenario'!M$152-1,"") -> -0.002348372 | U156: ='Market Scenario'!N156 -> 375596.7 | V156: =IFERROR('Market Scenario'!N156/'Market Scenario'!N$152-1,"") -> 0.0064344309 | W156: ='Market Scenario'!O156 -> 703399.7 | X156: =IFERROR('Market Scenario'!O156/'Market Scenario'!O$152-1,"") -> -0.00018535099 | Y156: ='Market Scenario'!P156 -> 1164071 | Z156: =IFERROR('Market Scenario'!P156/'Market Scenario'!P$152-1,"") -> -0.0058118879 | AA156: ='Market Scenario'!Q156 -> 354801.4 | AB156: =IFERROR('Market Scenario'!Q156/'Market Scenario'!Q$152-1,"") -> 0.0062059521 | AC156: ='Market Scenario'!R156 -> 298403.4 | AD156: =IFERROR('Market Scenario'!R156/'Market Scenario'!R$152-1,"") -> 0.0064480748 | AE156: ='Market Scenario'!S156 -> 1726408 | AF156: =IFERROR('Market Scenario'!S156/'Market Scenario'!S$152-1,"") -> 0.0099585523 | AG156: ='Market Scenario'!T156 -> 22672.47 | AH156: =IFERROR('Market Scenario'!T156/'Market Scenario'!T$152-1,"") -> 0.0073828184 | AI156: ='Market Scenario'!U156 -> 444300.3 | AJ156: =IFERROR('Market Scenario'!U156/'Market Scenario'!U$152-1,"") -> -0.0072777241 | AK156: ='Market Scenario'!V156 -> 44088.92 | AL156: =IFERROR('Market Scenario'!V156/'Market Scenario'!V$152-1,"") -> 0.00088899463 | AM156: ='Market Scenario'!W156 -> 389843.2 | AN156: =IFERROR('Market Scenario'!W156/'Market Scenario'!W$152-1,"") -> 0.004261585 | AO156: ='Market Scenario'!X156 -> 455781.9 | AP156: =IFERROR('Market Scenario'!X156/'Market Scenario'!X$152-1,"") -> -0.00040463508 | AQ156: ='Market Scenario'!Y156 -> 1446192 | AR156: =IFERROR('Market Scenario'!Y156/'Market Scenario'!Y$152-1,"") -> 0.0049504262 | AS156: ='Market Scenario'!Z156 -> 49826.42 | AT156: =IFERROR('Market Scenario'!Z156/'Market Scenario'!Z$152-1,"") -> -0.0033886819 | AU156: ='Market Scenario'!AA156 -> 118383.2 | AV156: =IFERROR('Market Scenario'!AA156/'Market Scenario'!AA$152-1,"") -> 0.0071377405 | AW156: ='Market Scenario'!AB156 -> 471013.7 | AX156: =IFERROR('Market Scenario'!AB156/'Market Scenario'!AB$152-1,"") -> 0.0037204769 | AY156: ='Market Scenario'!AC156 -> 382710.2 | AZ156: =IFERROR('Market Scenario'!AC156/'Market Scenario'!AC$152-1,"") -> 0.00024619985 | BA156: ='Market Scenario'!AD156 -> 424678.6 | BB156: =IFERROR('Market Scenario'!AD156/'Market Scenario'!AD$152-1,"") -> -0.00069768794 | BC156: ='Market Scenario'!AE156 -> 100733.9 | BD156: =IFERROR('Market Scenario'!AE156/'Market Scenario'!AE$152-1,"") -> -0.005408677 | BE156: ='Market Scenario'!AF156 -> 120384.6 | BF156: =IFERROR('Market Scenario'!AF156/'Market Scenario'!AF$152-1,"") -> 2.8243613e-05 | BG156: ='Market Scenario'!AG156 -> 182148.2 | BH156: =IFERROR('Market Scenario'!AG156/'Market Scenario'!AG$152-1,"") -> -0.0045997074 | BI156: ='Market Scenario'!AH156 -> 192882.6 | BJ156: =IFERROR('Market Scenario'!AH156/'Market Scenario'!AH$152-1,"") -> -0.0067842396 | BK156: ='Market Scenario'!AI156 -> 105642.1 | BL156: =IFERROR('Market Scenario'!AI156/'Market Scenario'!AI$152-1,"") -> 0.00011171037 | BM156: ='Market Scenario'!AJ156 -> 193953 | BN156: =IFERROR('Market Scenario'!AJ156/'Market Scenario'!AJ$152-1,"") -> 0.0049508413 | BO156: ='Market Scenario'!AK156 -> 121990.1 | BP156: =IFERROR('Market Scenario'!AK156/'Market Scenario'!AK$152-1,"") -> -0.0019626933 | BQ156: ='Market Scenario'!AL156 -> 131259.6 | BR156: =IFERROR('Market Scenario'!AL156/'Market Scenario'!AL$152-1,"") -> -0.00036707644 | BS156: ='Market Scenario'!AM156 -> 105517.9 | BT156: =IFERROR('Market Scenario'!AM156/'Market Scenario'!AM$152-1,"") -> -0.0095917207 | BU156: ='Market Scenario'!AN156 -> 103109.1 | BV156: =IFERROR('Market Scenario'!AN156/'Market Scenario'!AN$152-1,"") -> 0.002337934 | BW156: ='Market Scenario'!AO156 -> 156712.5 | BX156: =IFERROR('Market Scenario'!AO156/'Market Scenario'!AO$152-1,"") -> 0.00026169405 | BY156: ='Market Scenario'!AP156 -> 127476.7 | BZ156: =IFERROR('Market Scenario'!AP156/'Market Scenario'!AP$152-1,"") -> -7.6870884e-05 | CA156: ='Market Scenario'!AQ156 -> 114182.3 | CB156: =IFERROR('Market Scenario'!AQ156/'Market Scenario'!AQ$152-1,"") -> 0.00037848555 | CC156: ='Market Scenario'!AR156 -> 1530028 | CD156: =IFERROR('Market Scenario'!AR156/'Market Scenario'!AR$152-1,"") -> 0.0091494543 | CE156: ='Market Scenario'!AS156 -> 20906.96 | CF156: =IFERROR('Market Scenario'!AS156/'Market Scenario'!AS$152-1,"") -> 0.0024972572 | CG156: ='Market Scenario'!AT156 -> 17194.36 | CH156: =IFERROR('Market Scenario'!AT156/'Market Scenario'!AT$152-1,"") -> 6.2233581e-05 | CI156: ='Market Scenario'!AU156 -> 119267.8 | CJ156: =IFERROR('Market Scenario'!AU156/'Market Scenario'!AU$152-1,"") -> 0.0018766107 | CK156: ='Market Scenario'!AV156 -> 245439.1 | CL156: =IFERROR('Market Scenario'!AV156/'Market Scenario'!AV$152-1,"") -> 0.010998521 | CM156: ='Market Scenario'!AW156 -> 146.2484 | CN156: =IFERROR('Market Scenario'!AW156/'Market Scenario'!AW$152-1,"") -> 0.0072897582 | CO156: ='Market Scenario'!AX156 -> 1278636 | CP156: =IFERROR('Market Scenario'!AX156/'Market Scenario'!AX$152-1,"") -> 0.0013352327 | CQ156: ='Market Scenario'!AY156 -> 4169259 | CR156: =IFERROR('Market Scenario'!AY156/'Market Scenario'!AY$152-1,"") -> -0.0030888219 | CS156: ='Market Scenario'!AZ156 -> 42527.14 | CT156: =IFERROR('Market Scenario'!AZ156/'Market Scenario'!AZ$152-1,"") -> -0.0058203048 | CU156: ='Market Scenario'!BA156 -> 663004.2 | CV156: =IFERROR('Market Scenario'!BA156/'Market Scenario'!BA$152-1,"") -> 0.0069131822 | CW156: ='Market Scenario'!BB156 -> 500244.3 | CX156: =IFERROR('Market Scenario'!BB156/'Market Scenario'!BB$152-1,"") -> 0.0078003934 | CY156: ='Market Scenario'!BC156 -> 42368.09 | CZ156: =IFERROR('Market Scenario'!BC156/'Market Scenario'!BC$152-1,"") -> -0.00052346906 | DA156: ='Market Scenario'!BD156 -> 51836.17 | DB156: =IFERROR('Market Scenario'!BD156/'Market Scenario'!BD$152-1,"") -> 0.0012474023
A157: ='Market Scenario'!A157 -> Scenario 2 | B157: ='Market Scenario'!B157 -> 156 | C157: ='Market Scenario'!C157 -> 1 | D157: ='Market Scenario'!D157 -> Fake Positive News | E157: ='Market Scenario'!E157 -> 156 | F157: ='Market Scenario'!F157 -> TRADING | G157: ='Market Scenario'!G157 -> 153331.4 | H157: =IFERROR('Market Scenario'!G157/'Market Scenario'!G$152-1,"") -> -0.010790689 | I157: ='Market Scenario'!H157 -> 224954.8 | J157: =IFERROR('Market Scenario'!H157/'Market Scenario'!H$152-1,"") -> 0.010150686 | K157: ='Market Scenario'!I157 -> 163417.8 | L157: =IFERROR('Market Scenario'!I157/'Market Scenario'!I$152-1,"") -> -0.0038500598 | M157: ='Market Scenario'!J157 -> 271255.9 | N157: =IFERROR('Market Scenario'!J157/'Market Scenario'!J$152-1,"") -> -0.0037224161 | O157: ='Market Scenario'!K157 -> 612917.4 | P157: =IFERROR('Market Scenario'!K157/'Market Scenario'!K$152-1,"") -> 0.012630342 | Q157: ='Market Scenario'!L157 -> 553254 | R157: =IFERROR('Market Scenario'!L157/'Market Scenario'!L$152-1,"") -> 0.012130662 | S157: ='Market Scenario'!M157 -> 234647.4 | T157: =IFERROR('Market Scenario'!M157/'Market Scenario'!M$152-1,"") -> -0.0033651929 | U157: ='Market Scenario'!N157 -> 376250.6 | V157: =IFERROR('Market Scenario'!N157/'Market Scenario'!N$152-1,"") -> 0.0081865961 | W157: ='Market Scenario'!O157 -> 703540.4 | X157: =IFERROR('Market Scenario'!O157/'Market Scenario'!O$152-1,"") -> 1.4640454e-05 | Y157: ='Market Scenario'!P157 -> 1162472 | Z157: =IFERROR('Market Scenario'!P157/'Market Scenario'!P$152-1,"") -> -0.007177532 | AA157: ='Market Scenario'!Q157 -> 355456.9 | AB157: =IFERROR('Market Scenario'!Q157/'Market Scenario'!Q$152-1,"") -> 0.0080649301 | AC157: ='Market Scenario'!R157 -> 298898.7 | AD157: =IFERROR('Market Scenario'!R157/'Market Scenario'!R$152-1,"") -> 0.0081186111 | AE157: ='Market Scenario'!S157 -> 1730827 | AF157: =IFERROR('Market Scenario'!S157/'Market Scenario'!S$152-1,"") -> 0.012543693 | AG157: ='Market Scenario'!T157 -> 22715.71 | AH157: =IFERROR('Market Scenario'!T157/'Market Scenario'!T$152-1,"") -> 0.0093040574 | AI157: ='Market Scenario'!U157 -> 443543.6 | AJ157: =IFERROR('Market Scenario'!U157/'Market Scenario'!U$152-1,"") -> -0.0089684566 | AK157: ='Market Scenario'!V157 -> 44077.89 | AL157: =IFERROR('Market Scenario'!V157/'Market Scenario'!V$152-1,"") -> 0.00063859599 | AM157: ='Market Scenario'!W157 -> 390131.8 | AN157: =IFERROR('Market Scenario'!W157/'Market Scenario'!W$152-1,"") -> 0.0050050375 | AO157: ='Market Scenario'!X157 -> 455448.2 | AP157: =IFERROR('Market Scenario'!X157/'Market Scenario'!X$152-1,"") -> -0.0011364872 | AQ157: ='Market Scenario'!Y157 -> 1446805 | AR157: =IFERROR('Market Scenario'!Y157/'Market Scenario'!Y$152-1,"") -> 0.0053763964 | AS157: ='Market Scenario'!Z157 -> 49799.55 | AT157: =IFERROR('Market Scenario'!Z157/'Market Scenario'!Z$152-1,"") -> -0.0039261267 | AU157: ='Market Scenario'!AA157 -> 118593.3 | AV157: =IFERROR('Market Scenario'!AA157/'Market Scenario'!AA$152-1,"") -> 0.0089251533 | AW157: ='Market Scenario'!AB157 -> 471780.4 | AX157: =IFERROR('Market Scenario'!AB157/'Market Scenario'!AB$152-1,"") -> 0.0053542988 | AY157: ='Market Scenario'!AC157 -> 382653 | AZ157: =IFERROR('Market Scenario'!AC157/'Market Scenario'!AC$152-1,"") -> 9.6702699e-05 | BA157: ='Market Scenario'!AD157 -> 424847.5 | BB157: =IFERROR('Market Scenario'!AD157/'Market Scenario'!AD$152-1,"") -> -0.00030025289 | BC157: ='Market Scenario'!AE157 -> 100587 | BD157: =IFERROR('Market Scenario'!AE157/'Market Scenario'!AE$152-1,"") -> -0.0068590871 | BE157: ='Market Scenario'!AF157 -> 120335.6 | BF157: =IFERROR('Market Scenario'!AF157/'Market Scenario'!AF$152-1,"") -> -0.00037879669 | BG157: ='Market Scenario'!AG157 -> 181972.9 | BH157: =IFERROR('Market Scenario'!AG157/'Market Scenario'!AG$152-1,"") -> -0.0055576838 | BI157: ='Market Scenario'!AH157 -> 192708.2 | BJ157: =IFERROR('Market Scenario'!AH157/'Market Scenario'!AH$152-1,"") -> -0.0076822823 | BK157: ='Market Scenario'!AI157 -> 105644.3 | BL157: =IFERROR('Market Scenario'!AI157/'Market Scenario'!AI$152-1,"") -> 0.00013253773 | BM157: ='Market Scenario'!AJ157 -> 194109.4 | BN157: =IFERROR('Market Scenario'!AJ157/'Market Scenario'!AJ$152-1,"") -> 0.0057612145 | BO157: ='Market Scenario'!AK157 -> 121891.7 | BP157: =IFERROR('Market Scenario'!AK157/'Market Scenario'!AK$152-1,"") -> -0.002767733 | BQ157: ='Market Scenario'!AL157 -> 131265.7 | BR157: =IFERROR('Market Scenario'!AL157/'Market Scenario'!AL$152-1,"") -> -0.00032062071 | BS157: ='Market Scenario'!AM157 -> 105268.8 | BT157: =IFERROR('Market Scenario'!AM157/'Market Scenario'!AM$152-1,"") -> -0.011929814 | BU157: ='Market Scenario'!AN157 -> 103155 | BV157: =IFERROR('Market Scenario'!AN157/'Market Scenario'!AN$152-1,"") -> 0.0027841343 | BW157: ='Market Scenario'!AO157 -> 156753.3 | BX157: =IFERROR('Market Scenario'!AO157/'Market Scenario'!AO$152-1,"") -> 0.00052211155 | BY157: ='Market Scenario'!AP157 -> 127471.7 | BZ157: =IFERROR('Market Scenario'!AP157/'Market Scenario'!AP$152-1,"") -> -0.00011609072 | CA157: ='Market Scenario'!AQ157 -> 114168.2 | CB157: =IFERROR('Market Scenario'!AQ157/'Market Scenario'!AQ$152-1,"") -> 0.00025495207 | CC157: ='Market Scenario'!AR157 -> 1534509 | CD157: =IFERROR('Market Scenario'!AR157/'Market Scenario'!AR$152-1,"") -> 0.012104955 | CE157: ='Market Scenario'!AS157 -> 20907.08 | CF157: =IFERROR('Market Scenario'!AS157/'Market Scenario'!AS$152-1,"") -> 0.0025030113 | CG157: ='Market Scenario'!AT157 -> 17193.94 | CH157: =IFERROR('Market Scenario'!AT157/'Market Scenario'!AT$152-1,"") -> 3.7805446e-05 | CI157: ='Market Scenario'!AU157 -> 119157.2 | CJ157: =IFERROR('Market Scenario'!AU157/'Market Scenario'!AU$152-1,"") -> 0.00094754562 | CK157: ='Market Scenario'!AV157 -> 246231.8 | CL157: =IFERROR('Market Scenario'!AV157/'Market Scenario'!AV$152-1,"") -> 0.014263765 | CM157: ='Market Scenario'!AW157 -> 146.3582 | CN157: =IFERROR('Market Scenario'!AW157/'Market Scenario'!AW$152-1,"") -> 0.0080460087 | CO157: ='Market Scenario'!AX157 -> 1278280 | CP157: =IFERROR('Market Scenario'!AX157/'Market Scenario'!AX$152-1,"") -> 0.0010564392 | CQ157: ='Market Scenario'!AY157 -> 4164927 | CR157: =IFERROR('Market Scenario'!AY157/'Market Scenario'!AY$152-1,"") -> -0.0041246461 | CS157: ='Market Scenario'!AZ157 -> 42480.74 | CT157: =IFERROR('Market Scenario'!AZ157/'Market Scenario'!AZ$152-1,"") -> -0.0069050225 | CU157: ='Market Scenario'!BA157 -> 663792.4 | CV157: =IFERROR('Market Scenario'!BA157/'Market Scenario'!BA$152-1,"") -> 0.0081102318 | CW157: ='Market Scenario'!BB157 -> 501397.5 | CX157: =IFERROR('Market Scenario'!BB157/'Market Scenario'!BB$152-1,"") -> 0.010123649 | CY157: ='Market Scenario'!BC157 -> 42370.6 | CZ157: =IFERROR('Market Scenario'!BC157/'Market Scenario'!BC$152-1,"") -> -0.00046425737 | DA157: ='Market Scenario'!BD157 -> 51857.12 | DB157: =IFERROR('Market Scenario'!BD157/'Market Scenario'!BD$152-1,"") -> 0.0016520644
A158: ='Market Scenario'!A158 -> Scenario 2 | B158: ='Market Scenario'!B158 -> 157 | C158: ='Market Scenario'!C158 -> 1 | D158: ='Market Scenario'!D158 -> Fake Positive News | E158: ='Market Scenario'!E158 -> 157 | F158: ='Market Scenario'!F158 -> TRADING | G158: ='Market Scenario'!G158 -> 152982.1 | H158: =IFERROR('Market Scenario'!G158/'Market Scenario'!G$152-1,"") -> -0.01304418 | I158: ='Market Scenario'!H158 -> 225342.9 | J158: =IFERROR('Market Scenario'!H158/'Market Scenario'!H$152-1,"") -> 0.011893434 | K158: ='Market Scenario'!I158 -> 163056.1 | L158: =IFERROR('Market Scenario'!I158/'Market Scenario'!I$152-1,"") -> -0.0060548835 | M158: ='Market Scenario'!J158 -> 271214.4 | N158: =IFERROR('Market Scenario'!J158/'Market Scenario'!J$152-1,"") -> -0.0038748387 | O158: ='Market Scenario'!K158 -> 614510.5 | P158: =IFERROR('Market Scenario'!K158/'Market Scenario'!K$152-1,"") -> 0.015262379 | Q158: ='Market Scenario'!L158 -> 554903.8 | R158: =IFERROR('Market Scenario'!L158/'Market Scenario'!L$152-1,"") -> 0.015148829 | S158: ='Market Scenario'!M158 -> 234742.2 | T158: =IFERROR('Market Scenario'!M158/'Market Scenario'!M$152-1,"") -> -0.002962542 | U158: ='Market Scenario'!N158 -> 376551.2 | V158: =IFERROR('Market Scenario'!N158/'Market Scenario'!N$152-1,"") -> 0.0089920723 | W158: ='Market Scenario'!O158 -> 703582.9 | X158: =IFERROR('Market Scenario'!O158/'Market Scenario'!O$152-1,"") -> 7.5050094e-05 | Y158: ='Market Scenario'!P158 -> 1160268 | Z158: =IFERROR('Market Scenario'!P158/'Market Scenario'!P$152-1,"") -> -0.0090598834 | AA158: ='Market Scenario'!Q158 -> 356007.2 | AB158: =IFERROR('Market Scenario'!Q158/'Market Scenario'!Q$152-1,"") -> 0.0096255641 | AC158: ='Market Scenario'!R158 -> 299141.6 | AD158: =IFERROR('Market Scenario'!R158/'Market Scenario'!R$152-1,"") -> 0.0089378586 | AE158: ='Market Scenario'!S158 -> 1735486 | AF158: =IFERROR('Market Scenario'!S158/'Market Scenario'!S$152-1,"") -> 0.015269234 | AG158: ='Market Scenario'!T158 -> 22765.52 | AH158: =IFERROR('Market Scenario'!T158/'Market Scenario'!T$152-1,"") -> 0.011517215 | AI158: ='Market Scenario'!U158 -> 442532.5 | AJ158: =IFERROR('Market Scenario'!U158/'Market Scenario'!U$152-1,"") -> -0.011227608 | AK158: ='Market Scenario'!V158 -> 44110.41 | AL158: =IFERROR('Market Scenario'!V158/'Market Scenario'!V$152-1,"") -> 0.001376852 | AM158: ='Market Scenario'!W158 -> 390571.6 | AN158: =IFERROR('Market Scenario'!W158/'Market Scenario'!W$152-1,"") -> 0.0061379911 | AO158: ='Market Scenario'!X158 -> 455450.5 | AP158: =IFERROR('Market Scenario'!X158/'Market Scenario'!X$152-1,"") -> -0.001131443 | AQ158: ='Market Scenario'!Y158 -> 1448530 | AR158: =IFERROR('Market Scenario'!Y158/'Market Scenario'!Y$152-1,"") -> 0.0065750889 | AS158: ='Market Scenario'!Z158 -> 49758.58 | AT158: =IFERROR('Market Scenario'!Z158/'Market Scenario'!Z$152-1,"") -> -0.0047455948 | AU158: ='Market Scenario'!AA158 -> 118824.7 | AV158: =IFERROR('Market Scenario'!AA158/'Market Scenario'!AA$152-1,"") -> 0.010893774 | AW158: ='Market Scenario'!AB158 -> 472560 | AX158: =IFERROR('Market Scenario'!AB158/'Market Scenario'!AB$152-1,"") -> 0.0070156103 | AY158: ='Market Scenario'!AC158 -> 382628.9 | AZ158: =IFERROR('Market Scenario'!AC158/'Market Scenario'!AC$152-1,"") -> 3.3715265e-05 | BA158: ='Market Scenario'!AD158 -> 424864.8 | BB158: =IFERROR('Market Scenario'!AD158/'Market Scenario'!AD$152-1,"") -> -0.00025954462 | BC158: ='Market Scenario'!AE158 -> 100387.4 | BD158: =IFERROR('Market Scenario'!AE158/'Market Scenario'!AE$152-1,"") -> -0.0088298281 | BE158: ='Market Scenario'!AF158 -> 120322.9 | BF158: =IFERROR('Market Scenario'!AF158/'Market Scenario'!AF$152-1,"") -> -0.00048429489 | BG158: ='Market Scenario'!AG158 -> 181760.6 | BH158: =IFERROR('Market Scenario'!AG158/'Market Scenario'!AG$152-1,"") -> -0.0067178571 | BI158: ='Market Scenario'!AH158 -> 192568.4 | BJ158: =IFERROR('Market Scenario'!AH158/'Market Scenario'!AH$152-1,"") -> -0.0084021584 | BK158: ='Market Scenario'!AI158 -> 105601.6 | BL158: =IFERROR('Market Scenario'!AI158/'Market Scenario'!AI$152-1,"") -> -0.00027170234 | BM158: ='Market Scenario'!AJ158 -> 194375.9 | BN158: =IFERROR('Market Scenario'!AJ158/'Market Scenario'!AJ$152-1,"") -> 0.0071420614 | BO158: ='Market Scenario'!AK158 -> 121954.2 | BP158: =IFERROR('Market Scenario'!AK158/'Market Scenario'!AK$152-1,"") -> -0.0022564019 | BQ158: ='Market Scenario'!AL158 -> 131253 | BR158: =IFERROR('Market Scenario'!AL158/'Market Scenario'!AL$152-1,"") -> -0.00041734002 | BS158: ='Market Scenario'!AM158 -> 104973.1 | BT158: =IFERROR('Market Scenario'!AM158/'Market Scenario'!AM$152-1,"") -> -0.014705303 | BU158: ='Market Scenario'!AN158 -> 103346.1 | BV158: =IFERROR('Market Scenario'!AN158/'Market Scenario'!AN$152-1,"") -> 0.0046418441 | BW158: ='Market Scenario'!AO158 -> 156781.2 | BX158: =IFERROR('Market Scenario'!AO158/'Market Scenario'!AO$152-1,"") -> 0.00070019116 | BY158: ='Market Scenario'!AP158 -> 127469.4 | BZ158: =IFERROR('Market Scenario'!AP158/'Market Scenario'!AP$152-1,"") -> -0.00013413185 | CA158: ='Market Scenario'!AQ158 -> 114184.8 | CB158: =IFERROR('Market Scenario'!AQ158/'Market Scenario'!AQ$152-1,"") -> 0.00040038865 | CC158: ='Market Scenario'!AR158 -> 1538778 | CD158: =IFERROR('Market Scenario'!AR158/'Market Scenario'!AR$152-1,"") -> 0.014920628 | CE158: ='Market Scenario'!AS158 -> 20902.04 | CF158: =IFERROR('Market Scenario'!AS158/'Market Scenario'!AS$152-1,"") -> 0.0022613412 | CG158: ='Market Scenario'!AT158 -> 17210.7 | CH158: =IFERROR('Market Scenario'!AT158/'Market Scenario'!AT$152-1,"") -> 0.0010126043 | CI158: ='Market Scenario'!AU158 -> 119156.2 | CJ158: =IFERROR('Market Scenario'!AU158/'Market Scenario'!AU$152-1,"") -> 0.00093914539 | CK158: ='Market Scenario'!AV158 -> 246704.3 | CL158: =IFERROR('Market Scenario'!AV158/'Market Scenario'!AV$152-1,"") -> 0.01621006 | CM158: ='Market Scenario'!AW158 -> 146.5779 | CN158: =IFERROR('Market Scenario'!AW158/'Market Scenario'!AW$152-1,"") -> 0.0095591983 | CO158: ='Market Scenario'!AX158 -> 1278565 | CP158: =IFERROR('Market Scenario'!AX158/'Market Scenario'!AX$152-1,"") -> 0.0012796306 | CQ158: ='Market Scenario'!AY158 -> 4162641 | CR158: =IFERROR('Market Scenario'!AY158/'Market Scenario'!AY$152-1,"") -> -0.0046712514 | CS158: ='Market Scenario'!AZ158 -> 42392.49 | CT158: =IFERROR('Market Scenario'!AZ158/'Market Scenario'!AZ$152-1,"") -> -0.0089680899 | CU158: ='Market Scenario'!BA158 -> 663686.1 | CV158: =IFERROR('Market Scenario'!BA158/'Market Scenario'!BA$152-1,"") -> 0.0079487926 | CW158: ='Market Scenario'!BB158 -> 502139.6 | CX158: =IFERROR('Market Scenario'!BB158/'Market Scenario'!BB$152-1,"") -> 0.011618696 | CY158: ='Market Scenario'!BC158 -> 42374.25 | CZ158: =IFERROR('Market Scenario'!BC158/'Market Scenario'!BC$152-1,"") -> -0.00037815273 | DA158: ='Market Scenario'!BD158 -> 51867.29 | DB158: =IFERROR('Market Scenario'!BD158/'Market Scenario'!BD$152-1,"") -> 0.0018485042
A159: ='Market Scenario'!A159 -> Scenario 2 | B159: ='Market Scenario'!B159 -> 158 | C159: ='Market Scenario'!C159 -> 1 | D159: ='Market Scenario'!D159 -> Fake Positive News | E159: ='Market Scenario'!E159 -> 158 | F159: ='Market Scenario'!F159 -> TRADING | G159: ='Market Scenario'!G159 -> 152376 | H159: =IFERROR('Market Scenario'!G159/'Market Scenario'!G$152-1,"") -> -0.016954401 | I159: ='Market Scenario'!H159 -> 225732.8 | J159: =IFERROR('Market Scenario'!H159/'Market Scenario'!H$152-1,"") -> 0.013644265 | K159: ='Market Scenario'!I159 -> 162895.7 | L159: =IFERROR('Market Scenario'!I159/'Market Scenario'!I$152-1,"") -> -0.0070326377 | M159: ='Market Scenario'!J159 -> 271071 | N159: =IFERROR('Market Scenario'!J159/'Market Scenario'!J$152-1,"") -> -0.0044015229 | O159: ='Market Scenario'!K159 -> 616208.7 | P159: =IFERROR('Market Scenario'!K159/'Market Scenario'!K$152-1,"") -> 0.018068057 | Q159: ='Market Scenario'!L159 -> 556235.7 | R159: =IFERROR('Market Scenario'!L159/'Market Scenario'!L$152-1,"") -> 0.017585426 | S159: ='Market Scenario'!M159 -> 234606.6 | T159: =IFERROR('Market Scenario'!M159/'Market Scenario'!M$152-1,"") -> -0.0035384857 | U159: ='Market Scenario'!N159 -> 377328 | V159: =IFERROR('Market Scenario'!N159/'Market Scenario'!N$152-1,"") -> 0.011073556 | W159: ='Market Scenario'!O159 -> 703375.4 | X159: =IFERROR('Market Scenario'!O159/'Market Scenario'!O$152-1,"") -> -0.00021989109 | Y159: ='Market Scenario'!P159 -> 1158862 | Z159: =IFERROR('Market Scenario'!P159/'Market Scenario'!P$152-1,"") -> -0.010260694 | AA159: ='Market Scenario'!Q159 -> 356613.5 | AB159: =IFERROR('Market Scenario'!Q159/'Market Scenario'!Q$152-1,"") -> 0.011345012 | AC159: ='Market Scenario'!R159 -> 299422.2 | AD159: =IFERROR('Market Scenario'!R159/'Market Scenario'!R$152-1,"") -> 0.0098842598 | AE159: ='Market Scenario'!S159 -> 1738690 | AF159: =IFERROR('Market Scenario'!S159/'Market Scenario'!S$152-1,"") -> 0.017143593 | AG159: ='Market Scenario'!T159 -> 22805.45 | AH159: =IFERROR('Market Scenario'!T159/'Market Scenario'!T$152-1,"") -> 0.013291384 | AI159: ='Market Scenario'!U159 -> 441396 | AJ159: =IFERROR('Market Scenario'!U159/'Market Scenario'!U$152-1,"") -> -0.013766946 | AK159: ='Market Scenario'!V159 -> 44111.05 | AL159: =IFERROR('Market Scenario'!V159/'Market Scenario'!V$152-1,"") -> 0.001391381 | AM159: ='Market Scenario'!W159 -> 390935.9 | AN159: =IFERROR('Market Scenario'!W159/'Market Scenario'!W$152-1,"") -> 0.0070764517 | AO159: ='Market Scenario'!X159 -> 455475.4 | AP159: =IFERROR('Market Scenario'!X159/'Market Scenario'!X$152-1,"") -> -0.0010768337 | AQ159: ='Market Scenario'!Y159 -> 1450526 | AR159: =IFERROR('Market Scenario'!Y159/'Market Scenario'!Y$152-1,"") -> 0.0079620977 | AS159: ='Market Scenario'!Z159 -> 49741.7 | AT159: =IFERROR('Market Scenario'!Z159/'Market Scenario'!Z$152-1,"") -> -0.0050832229 | AU159: ='Market Scenario'!AA159 -> 118906.9 | AV159: =IFERROR('Market Scenario'!AA159/'Market Scenario'!AA$152-1,"") -> 0.011593086 | AW159: ='Market Scenario'!AB159 -> 472882.6 | AX159: =IFERROR('Market Scenario'!AB159/'Market Scenario'!AB$152-1,"") -> 0.0077030642 | AY159: ='Market Scenario'!AC159 -> 382534.4 | AZ159: =IFERROR('Market Scenario'!AC159/'Market Scenario'!AC$152-1,"") -> -0.00021326866 | BA159: ='Market Scenario'!AD159 -> 425132.4 | BB159: =IFERROR('Market Scenario'!AD159/'Market Scenario'!AD$152-1,"") -> 0.00037013933 | BC159: ='Market Scenario'!AE159 -> 100238.7 | BD159: =IFERROR('Market Scenario'!AE159/'Market Scenario'!AE$152-1,"") -> -0.01029801 | BE159: ='Market Scenario'!AF159 -> 120301.6 | BF159: =IFERROR('Market Scenario'!AF159/'Market Scenario'!AF$152-1,"") -> -0.00066123282 | BG159: ='Market Scenario'!AG159 -> 181354 | BH159: =IFERROR('Market Scenario'!AG159/'Market Scenario'!AG$152-1,"") -> -0.0089398377 | BI159: ='Market Scenario'!AH159 -> 191830.8 | BJ159: =IFERROR('Market Scenario'!AH159/'Market Scenario'!AH$152-1,"") -> -0.012200303 | BK159: ='Market Scenario'!AI159 -> 105591.7 | BL159: =IFERROR('Market Scenario'!AI159/'Market Scenario'!AI$152-1,"") -> -0.00036542545 | BM159: ='Market Scenario'!AJ159 -> 194562.5 | BN159: =IFERROR('Market Scenario'!AJ159/'Market Scenario'!AJ$152-1,"") -> 0.0081089133 | BO159: ='Market Scenario'!AK159 -> 121915.7 | BP159: =IFERROR('Market Scenario'!AK159/'Market Scenario'!AK$152-1,"") -> -0.0025713818 | BQ159: ='Market Scenario'!AL159 -> 131236.3 | BR159: =IFERROR('Market Scenario'!AL159/'Market Scenario'!AL$152-1,"") -> -0.00054452211 | BS159: ='Market Scenario'!AM159 -> 104738.5 | BT159: =IFERROR('Market Scenario'!AM159/'Market Scenario'!AM$152-1,"") -> -0.016907297 | BU159: ='Market Scenario'!AN159 -> 103504.3 | BV159: =IFERROR('Market Scenario'!AN159/'Market Scenario'!AN$152-1,"") -> 0.0061797283 | BW159: ='Market Scenario'!AO159 -> 156802.9 | BX159: =IFERROR('Market Scenario'!AO159/'Market Scenario'!AO$152-1,"") -> 0.00083869753 | BY159: ='Market Scenario'!AP159 -> 127469.3 | BZ159: =IFERROR('Market Scenario'!AP159/'Market Scenario'!AP$152-1,"") -> -0.00013491625 | CA159: ='Market Scenario'!AQ159 -> 114142.1 | CB159: =IFERROR('Market Scenario'!AQ159/'Market Scenario'!AQ$152-1,"") -> 2.6283719e-05 | CC159: ='Market Scenario'!AR159 -> 1542273 | CD159: =IFERROR('Market Scenario'!AR159/'Market Scenario'!AR$152-1,"") -> 0.0172258 | CE159: ='Market Scenario'!AS159 -> 20907.85 | CF159: =IFERROR('Market Scenario'!AS159/'Market Scenario'!AS$152-1,"") -> 0.0025399331 | CG159: ='Market Scenario'!AT159 -> 17212.19 | CH159: =IFERROR('Market Scenario'!AT159/'Market Scenario'!AT$152-1,"") -> 0.0010992661 | CI159: ='Market Scenario'!AU159 -> 119163.7 | CJ159: =IFERROR('Market Scenario'!AU159/'Market Scenario'!AU$152-1,"") -> 0.0010021471 | CK159: ='Market Scenario'!AV159 -> 247288.4 | CL159: =IFERROR('Market Scenario'!AV159/'Market Scenario'!AV$152-1,"") -> 0.018616051 | CM159: ='Market Scenario'!AW159 -> 146.6578 | CN159: =IFERROR('Market Scenario'!AW159/'Market Scenario'!AW$152-1,"") -> 0.010109512 | CO159: ='Market Scenario'!AX159 -> 1278847 | CP159: =IFERROR('Market Scenario'!AX159/'Market Scenario'!AX$152-1,"") -> 0.0015004726 | CQ159: ='Market Scenario'!AY159 -> 4159501 | CR159: =IFERROR('Market Scenario'!AY159/'Market Scenario'!AY$152-1,"") -> -0.0054220565 | CS159: ='Market Scenario'!AZ159 -> 42311.11 | CT159: =IFERROR('Market Scenario'!AZ159/'Market Scenario'!AZ$152-1,"") -> -0.010870554 | CU159: ='Market Scenario'!BA159 -> 665054.7 | CV159: =IFERROR('Market Scenario'!BA159/'Market Scenario'!BA$152-1,"") -> 0.010027303 | CW159: ='Market Scenario'!BB159 -> 503318.5 | CX159: =IFERROR('Market Scenario'!BB159/'Market Scenario'!BB$152-1,"") -> 0.013993727 | CY159: ='Market Scenario'!BC159 -> 42373.66 | CZ159: =IFERROR('Market Scenario'!BC159/'Market Scenario'!BC$152-1,"") -> -0.00039207101 | DA159: ='Market Scenario'!BD159 -> 51933.02 | DB159: =IFERROR('Market Scenario'!BD159/'Market Scenario'!BD$152-1,"") -> 0.0031181194
A160: ='Market Scenario'!A160 -> Scenario 2 | B160: ='Market Scenario'!B160 -> 159 | C160: ='Market Scenario'!C160 -> 1 | D160: ='Market Scenario'!D160 -> Fake Positive News | E160: ='Market Scenario'!E160 -> 159 | F160: ='Market Scenario'!F160 -> TRADING | G160: ='Market Scenario'!G160 -> 152121.1 | H160: =IFERROR('Market Scenario'!G160/'Market Scenario'!G$152-1,"") -> -0.018598875 | I160: ='Market Scenario'!H160 -> 226199.5 | J160: =IFERROR('Market Scenario'!H160/'Market Scenario'!H$152-1,"") -> 0.015739963 | K160: ='Market Scenario'!I160 -> 162665.5 | L160: =IFERROR('Market Scenario'!I160/'Market Scenario'!I$152-1,"") -> -0.0084358736 | M160: ='Market Scenario'!J160 -> 270778.4 | N160: =IFERROR('Market Scenario'!J160/'Market Scenario'!J$152-1,"") -> -0.0054761938 | O160: ='Market Scenario'!K160 -> 617736.3 | P160: =IFERROR('Market Scenario'!K160/'Market Scenario'!K$152-1,"") -> 0.020591879 | Q160: ='Market Scenario'!L160 -> 557412.4 | R160: =IFERROR('Market Scenario'!L160/'Market Scenario'!L$152-1,"") -> 0.019738097 | S160: ='Market Scenario'!M160 -> 234616.8 | T160: =IFERROR('Market Scenario'!M160/'Market Scenario'!M$152-1,"") -> -0.0034951625 | U160: ='Market Scenario'!N160 -> 377526.4 | V160: =IFERROR('Market Scenario'!N160/'Market Scenario'!N$152-1,"") -> 0.011605181 | W160: ='Market Scenario'!O160 -> 703248.5 | X160: =IFERROR('Market Scenario'!O160/'Market Scenario'!O$152-1,"") -> -0.00040026717 | Y160: ='Market Scenario'!P160 -> 1156621 | Z160: =IFERROR('Market Scenario'!P160/'Market Scenario'!P$152-1,"") -> -0.012174645 | AA160: ='Market Scenario'!Q160 -> 357262.3 | AB160: =IFERROR('Market Scenario'!Q160/'Market Scenario'!Q$152-1,"") -> 0.013184989 | AC160: ='Market Scenario'!R160 -> 300075.8 | AD160: =IFERROR('Market Scenario'!R160/'Market Scenario'!R$152-1,"") -> 0.012088707 | AE160: ='Market Scenario'!S160 -> 1743521 | AF160: =IFERROR('Market Scenario'!S160/'Market Scenario'!S$152-1,"") -> 0.019969755 | AG160: ='Market Scenario'!T160 -> 22857.18 | AH160: =IFERROR('Market Scenario'!T160/'Market Scenario'!T$152-1,"") -> 0.01558985 | AI160: ='Market Scenario'!U160 -> 440254.3 | AJ160: =IFERROR('Market Scenario'!U160/'Market Scenario'!U$152-1,"") -> -0.016317903 | AK160: ='Market Scenario'!V160 -> 44063.6 | AL160: =IFERROR('Market Scenario'!V160/'Market Scenario'!V$152-1,"") -> 0.00031419013 | AM160: ='Market Scenario'!W160 -> 391382.1 | AN160: =IFERROR('Market Scenario'!W160/'Market Scenario'!W$152-1,"") -> 0.0082258921 | AO160: ='Market Scenario'!X160 -> 454882.8 | AP160: =IFERROR('Market Scenario'!X160/'Market Scenario'!X$152-1,"") -> -0.0023764909 | AQ160: ='Market Scenario'!Y160 -> 1453816 | AR160: =IFERROR('Market Scenario'!Y160/'Market Scenario'!Y$152-1,"") -> 0.0102483 | AS160: ='Market Scenario'!Z160 -> 49677.4 | AT160: =IFERROR('Market Scenario'!Z160/'Market Scenario'!Z$152-1,"") -> -0.0063693299 | AU160: ='Market Scenario'!AA160 -> 119140.5 | AV160: =IFERROR('Market Scenario'!AA160/'Market Scenario'!AA$152-1,"") -> 0.013580423 | AW160: ='Market Scenario'!AB160 -> 473249.9 | AX160: =IFERROR('Market Scenario'!AB160/'Market Scenario'!AB$152-1,"") -> 0.0084857729 | AY160: ='Market Scenario'!AC160 -> 382718.5 | AZ160: =IFERROR('Market Scenario'!AC160/'Market Scenario'!AC$152-1,"") -> 0.00026789261 | BA160: ='Market Scenario'!AD160 -> 425230.9 | BB160: =IFERROR('Market Scenario'!AD160/'Market Scenario'!AD$152-1,"") -> 0.00060191762 | BC160: ='Market Scenario'!AE160 -> 100117.9 | BD160: =IFERROR('Market Scenario'!AE160/'Market Scenario'!AE$152-1,"") -> -0.011490723 | BE160: ='Market Scenario'!AF160 -> 120320.5 | BF160: =IFERROR('Market Scenario'!AF160/'Market Scenario'!AF$152-1,"") -> -0.00050423156 | BG160: ='Market Scenario'!AG160 -> 181231.4 | BH160: =IFERROR('Market Scenario'!AG160/'Market Scenario'!AG$152-1,"") -> -0.00960982 | BI160: ='Market Scenario'!AH160 -> 191373.6 | BJ160: =IFERROR('Market Scenario'!AH160/'Market Scenario'!AH$152-1,"") -> -0.014554575 | BK160: ='Market Scenario'!AI160 -> 105536.9 | BL160: =IFERROR('Market Scenario'!AI160/'Market Scenario'!AI$152-1,"") -> -0.00088421599 | BM160: ='Market Scenario'!AJ160 -> 194825.1 | BN160: =IFERROR('Market Scenario'!AJ160/'Market Scenario'!AJ$152-1,"") -> 0.0094695527 | BO160: ='Market Scenario'!AK160 -> 121902 | BP160: =IFERROR('Market Scenario'!AK160/'Market Scenario'!AK$152-1,"") -> -0.0026834656 | BQ160: ='Market Scenario'!AL160 -> 131200.5 | BR160: =IFERROR('Market Scenario'!AL160/'Market Scenario'!AL$152-1,"") -> -0.00081716395 | BS160: ='Market Scenario'!AM160 -> 104428.4 | BT160: =IFERROR('Market Scenario'!AM160/'Market Scenario'!AM$152-1,"") -> -0.019817946 | BU160: ='Market Scenario'!AN160 -> 103682.8 | BV160: =IFERROR('Market Scenario'!AN160/'Market Scenario'!AN$152-1,"") -> 0.0079149517 | BW160: ='Market Scenario'!AO160 -> 156881.8 | BX160: =IFERROR('Market Scenario'!AO160/'Market Scenario'!AO$152-1,"") -> 0.001342299 | BY160: ='Market Scenario'!AP160 -> 127458 | BZ160: =IFERROR('Market Scenario'!AP160/'Market Scenario'!AP$152-1,"") -> -0.00022355308 | CA160: ='Market Scenario'!AQ160 -> 114143.2 | CB160: =IFERROR('Market Scenario'!AQ160/'Market Scenario'!AQ$152-1,"") -> 3.5921082e-05 | CC160: ='Market Scenario'!AR160 -> 1542951 | CD160: =IFERROR('Market Scenario'!AR160/'Market Scenario'!AR$152-1,"") -> 0.017672984 | CE160: ='Market Scenario'!AS160 -> 20915.91 | CF160: =IFERROR('Market Scenario'!AS160/'Market Scenario'!AS$152-1,"") -> 0.0029264134 | CG160: ='Market Scenario'!AT160 -> 17216.97 | CH160: =IFERROR('Market Scenario'!AT160/'Market Scenario'!AT$152-1,"") -> 0.0013772815 | CI160: ='Market Scenario'!AU160 -> 119069.8 | CJ160: =IFERROR('Market Scenario'!AU160/'Market Scenario'!AU$152-1,"") -> 0.00021336577 | CK160: ='Market Scenario'!AV160 -> 247702.8 | CL160: =IFERROR('Market Scenario'!AV160/'Market Scenario'!AV$152-1,"") -> 0.020323023 | CM160: ='Market Scenario'!AW160 -> 146.7676 | CN160: =IFERROR('Market Scenario'!AW160/'Market Scenario'!AW$152-1,"") -> 0.010865762 | CO160: ='Market Scenario'!AX160 -> 1279092 | CP160: =IFERROR('Market Scenario'!AX160/'Market Scenario'!AX$152-1,"") -> 0.0016923389 | CQ160: ='Market Scenario'!AY160 -> 4156534 | CR160: =IFERROR('Market Scenario'!AY160/'Market Scenario'!AY$152-1,"") -> -0.0061314956 | CS160: ='Market Scenario'!AZ160 -> 42239.76 | CT160: =IFERROR('Market Scenario'!AZ160/'Market Scenario'!AZ$152-1,"") -> -0.012538541 | CU160: ='Market Scenario'!BA160 -> 666272.4 | CV160: =IFERROR('Market Scenario'!BA160/'Market Scenario'!BA$152-1,"") -> 0.01187664 | CW160: ='Market Scenario'!BB160 -> 504085 | CX160: =IFERROR('Market Scenario'!BB160/'Market Scenario'!BB$152-1,"") -> 0.015537931 | CY160: ='Market Scenario'!BC160 -> 42389.55 | CZ160: =IFERROR('Market Scenario'!BC160/'Market Scenario'!BC$152-1,"") -> -1.7220929e-05 | DA160: ='Market Scenario'!BD160 -> 51963.69 | DB160: =IFERROR('Market Scenario'!BD160/'Market Scenario'!BD$152-1,"") -> 0.0037105293
A161: ='Market Scenario'!A161 -> Scenario 2 | B161: ='Market Scenario'!B161 -> 160 | C161: ='Market Scenario'!C161 -> 1 | D161: ='Market Scenario'!D161 -> Fake Positive News | E161: ='Market Scenario'!E161 -> 160 | F161: ='Market Scenario'!F161 -> TRADING | G161: ='Market Scenario'!G161 -> 152005.1 | H161: =IFERROR('Market Scenario'!G161/'Market Scenario'!G$152-1,"") -> -0.019347243 | I161: ='Market Scenario'!H161 -> 226629.3 | J161: =IFERROR('Market Scenario'!H161/'Market Scenario'!H$152-1,"") -> 0.017669963 | K161: ='Market Scenario'!I161 -> 162486.9 | L161: =IFERROR('Market Scenario'!I161/'Market Scenario'!I$152-1,"") -> -0.00952457 | M161: ='Market Scenario'!J161 -> 270435 | N161: =IFERROR('Market Scenario'!J161/'Market Scenario'!J$152-1,"") -> -0.0067374446 | O161: ='Market Scenario'!K161 -> 619199.2 | P161: =IFERROR('Market Scenario'!K161/'Market Scenario'!K$152-1,"") -> 0.023008806 | Q161: ='Market Scenario'!L161 -> 558929.7 | R161: =IFERROR('Market Scenario'!L161/'Market Scenario'!L$152-1,"") -> 0.022513867 | S161: ='Market Scenario'!M161 -> 234606.5 | T161: =IFERROR('Market Scenario'!M161/'Market Scenario'!M$152-1,"") -> -0.0035389104 | U161: ='Market Scenario'!N161 -> 378199.4 | V161: =IFERROR('Market Scenario'!N161/'Market Scenario'!N$152-1,"") -> 0.013408525 | W161: ='Market Scenario'!O161 -> 703301.3 | X161: =IFERROR('Market Scenario'!O161/'Market Scenario'!O$152-1,"") -> -0.00032521707 | Y161: ='Market Scenario'!P161 -> 1154977 | Z161: =IFERROR('Market Scenario'!P161/'Market Scenario'!P$152-1,"") -> -0.013578722 | AA161: ='Market Scenario'!Q161 -> 357806.8 | AB161: =IFERROR('Market Scenario'!Q161/'Market Scenario'!Q$152-1,"") -> 0.014729175 | AC161: ='Market Scenario'!R161 -> 300506.2 | AD161: =IFERROR('Market Scenario'!R161/'Market Scenario'!R$152-1,"") -> 0.01354035 | AE161: ='Market Scenario'!S161 -> 1746811 | AF161: =IFERROR('Market Scenario'!S161/'Market Scenario'!S$152-1,"") -> 0.021894424 | AG161: ='Market Scenario'!T161 -> 22890.91 | AH161: =IFERROR('Market Scenario'!T161/'Market Scenario'!T$152-1,"") -> 0.017088541 | AI161: ='Market Scenario'!U161 -> 439548.2 | AJ161: =IFERROR('Market Scenario'!U161/'Market Scenario'!U$152-1,"") -> -0.017895578 | AK161: ='Market Scenario'!V161 -> 44064.47 | AL161: =IFERROR('Market Scenario'!V161/'Market Scenario'!V$152-1,"") -> 0.00033394053 | AM161: ='Market Scenario'!W161 -> 391869 | AN161: =IFERROR('Market Scenario'!W161/'Market Scenario'!W$152-1,"") -> 0.0094801783 | AO161: ='Market Scenario'!X161 -> 455057.6 | AP161: =IFERROR('Market Scenario'!X161/'Market Scenario'!X$152-1,"") -> -0.0019931293 | AQ161: ='Market Scenario'!Y161 -> 1455836 | AR161: =IFERROR('Market Scenario'!Y161/'Market Scenario'!Y$152-1,"") -> 0.011651986 | AS161: ='Market Scenario'!Z161 -> 49588.3 | AT161: =IFERROR('Market Scenario'!Z161/'Market Scenario'!Z$152-1,"") -> -0.0081514782 | AU161: ='Market Scenario'!AA161 -> 119296.9 | AV161: =IFERROR('Market Scenario'!AA161/'Market Scenario'!AA$152-1,"") -> 0.014910987 | AW161: ='Market Scenario'!AB161 -> 473445.4 | AX161: =IFERROR('Market Scenario'!AB161/'Market Scenario'!AB$152-1,"") -> 0.0089023794 | AY161: ='Market Scenario'!AC161 -> 382683.7 | AZ161: =IFERROR('Market Scenario'!AC161/'Market Scenario'!AC$152-1,"") -> 0.0001769398 | BA161: ='Market Scenario'!AD161 -> 425623.2 | BB161: =IFERROR('Market Scenario'!AD161/'Market Scenario'!AD$152-1,"") -> 0.0015250305 | BC161: ='Market Scenario'!AE161 -> 99994.46 | BD161: =IFERROR('Market Scenario'!AE161/'Market Scenario'!AE$152-1,"") -> -0.012709502 | BE161: ='Market Scenario'!AF161 -> 120329.8 | BF161: =IFERROR('Market Scenario'!AF161/'Market Scenario'!AF$152-1,"") -> -0.00042697697 | BG161: ='Market Scenario'!AG161 -> 180958.7 | BH161: =IFERROR('Market Scenario'!AG161/'Market Scenario'!AG$152-1,"") -> -0.011100066 | BI161: ='Market Scenario'!AH161 -> 190876 | BJ161: =IFERROR('Market Scenario'!AH161/'Market Scenario'!AH$152-1,"") -> -0.017116881 | BK161: ='Market Scenario'!AI161 -> 105590.8 | BL161: =IFERROR('Market Scenario'!AI161/'Market Scenario'!AI$152-1,"") -> -0.00037394573 | BM161: ='Market Scenario'!AJ161 -> 195051.6 | BN161: =IFERROR('Market Scenario'!AJ161/'Market Scenario'!AJ$152-1,"") -> 0.010643143 | BO161: ='Market Scenario'!AK161 -> 121858.9 | BP161: =IFERROR('Market Scenario'!AK161/'Market Scenario'!AK$152-1,"") -> -0.0030360795 | BQ161: ='Market Scenario'!AL161 -> 131222.9 | BR161: =IFERROR('Market Scenario'!AL161/'Market Scenario'!AL$152-1,"") -> -0.0006465724 | BS161: ='Market Scenario'!AM161 -> 104151.5 | BT161: =IFERROR('Market Scenario'!AM161/'Market Scenario'!AM$152-1,"") -> -0.022416975 | BU161: ='Market Scenario'!AN161 -> 103728.6 | BV161: =IFERROR('Market Scenario'!AN161/'Market Scenario'!AN$152-1,"") -> 0.0083601799 | BW161: ='Market Scenario'!AO161 -> 156847.4 | BX161: =IFERROR('Market Scenario'!AO161/'Market Scenario'!AO$152-1,"") -> 0.0011227313 | BY161: ='Market Scenario'!AP161 -> 127455.1 | BZ161: =IFERROR('Market Scenario'!AP161/'Market Scenario'!AP$152-1,"") -> -0.00024630059 | CA161: ='Market Scenario'!AQ161 -> 114207.7 | CB161: =IFERROR('Market Scenario'!AQ161/'Market Scenario'!AQ$152-1,"") -> 0.00060102103 | CC161: ='Market Scenario'!AR161 -> 1547510 | CD161: =IFERROR('Market Scenario'!AR161/'Market Scenario'!AR$152-1,"") -> 0.02067993 | CE161: ='Market Scenario'!AS161 -> 20912.53 | CF161: =IFERROR('Market Scenario'!AS161/'Market Scenario'!AS$152-1,"") -> 0.002764341 | CG161: ='Market Scenario'!AT161 -> 17216.57 | CH161: =IFERROR('Market Scenario'!AT161/'Market Scenario'!AT$152-1,"") -> 0.0013540166 | CI161: ='Market Scenario'!AU161 -> 118909 | CJ161: =IFERROR('Market Scenario'!AU161/'Market Scenario'!AU$152-1,"") -> -0.0011373908 | CK161: ='Market Scenario'!AV161 -> 248367.3 | CL161: =IFERROR('Market Scenario'!AV161/'Market Scenario'!AV$152-1,"") -> 0.023060193 | CM161: ='Market Scenario'!AW161 -> 146.9274 | CN161: =IFERROR('Market Scenario'!AW161/'Market Scenario'!AW$152-1,"") -> 0.011966389 | CO161: ='Market Scenario'!AX161 -> 1279211 | CP161: =IFERROR('Market Scenario'!AX161/'Market Scenario'!AX$152-1,"") -> 0.0017855311 | CQ161: ='Market Scenario'!AY161 -> 4151009 | CR161: =IFERROR('Market Scenario'!AY161/'Market Scenario'!AY$152-1,"") -> -0.0074525779 | CS161: ='Market Scenario'!AZ161 -> 42181.63 | CT161: =IFERROR('Market Scenario'!AZ161/'Market Scenario'!AZ$152-1,"") -> -0.013897477 | CU161: ='Market Scenario'!BA161 -> 667096.4 | CV161: =IFERROR('Market Scenario'!BA161/'Market Scenario'!BA$152-1,"") -> 0.01312806 | CW161: ='Market Scenario'!BB161 -> 505008.2 | CX161: =IFERROR('Market Scenario'!BB161/'Market Scenario'!BB$152-1,"") -> 0.017397825 | CY161: ='Market Scenario'!BC161 -> 42374.25 | CZ161: =IFERROR('Market Scenario'!BC161/'Market Scenario'!BC$152-1,"") -> -0.00037815273 | DA161: ='Market Scenario'!BD161 -> 51985.56 | DB161: =IFERROR('Market Scenario'!BD161/'Market Scenario'!BD$152-1,"") -> 0.0041329617
A162: ='Market Scenario'!A162 -> Scenario 2 | B162: ='Market Scenario'!B162 -> 161 | C162: ='Market Scenario'!C162 -> 1 | D162: ='Market Scenario'!D162 -> Fake Positive News | E162: ='Market Scenario'!E162 -> 161 | F162: ='Market Scenario'!F162 -> TRADING | G162: ='Market Scenario'!G162 -> 151719.3 | H162: =IFERROR('Market Scenario'!G162/'Market Scenario'!G$152-1,"") -> -0.021191066 | I162: ='Market Scenario'!H162 -> 227085.6 | J162: =IFERROR('Market Scenario'!H162/'Market Scenario'!H$152-1,"") -> 0.01971896 | K162: ='Market Scenario'!I162 -> 162350.7 | L162: =IFERROR('Market Scenario'!I162/'Market Scenario'!I$152-1,"") -> -0.010354808 | M162: ='Market Scenario'!J162 -> 270319.6 | N162: =IFERROR('Market Scenario'!J162/'Market Scenario'!J$152-1,"") -> -0.0071612895 | O162: ='Market Scenario'!K162 -> 620108.5 | P162: =IFERROR('Market Scenario'!K162/'Market Scenario'!K$152-1,"") -> 0.024511105 | Q162: ='Market Scenario'!L162 -> 559914.3 | R162: =IFERROR('Market Scenario'!L162/'Market Scenario'!L$152-1,"") -> 0.024315109 | S162: ='Market Scenario'!M162 -> 234579.1 | T162: =IFERROR('Market Scenario'!M162/'Market Scenario'!M$152-1,"") -> -0.0036552884 | U162: ='Market Scenario'!N162 -> 378717 | V162: =IFERROR('Market Scenario'!N162/'Market Scenario'!N$152-1,"") -> 0.014795466 | W162: ='Market Scenario'!O162 -> 703268.6 | X162: =IFERROR('Market Scenario'!O162/'Market Scenario'!O$152-1,"") -> -0.00037169696 | Y162: ='Market Scenario'!P162 -> 1153722 | Z162: =IFERROR('Market Scenario'!P162/'Market Scenario'!P$152-1,"") -> -0.014650569 | AA162: ='Market Scenario'!Q162 -> 358230.7 | AB162: =IFERROR('Market Scenario'!Q162/'Market Scenario'!Q$152-1,"") -> 0.015931342 | AC162: ='Market Scenario'!R162 -> 301069.5 | AD162: =IFERROR('Market Scenario'!R162/'Market Scenario'!R$152-1,"") -> 0.015440235 | AE162: ='Market Scenario'!S162 -> 1751774 | AF162: =IFERROR('Market Scenario'!S162/'Market Scenario'!S$152-1,"") -> 0.024797807 | AG162: ='Market Scenario'!T162 -> 22940.34 | AH162: =IFERROR('Market Scenario'!T162/'Market Scenario'!T$152-1,"") -> 0.019284814 | AI162: ='Market Scenario'!U162 -> 438673.8 | AJ162: =IFERROR('Market Scenario'!U162/'Market Scenario'!U$152-1,"") -> -0.019849293 | AK162: ='Market Scenario'!V162 -> 44006.88 | AL162: =IFERROR('Market Scenario'!V162/'Market Scenario'!V$152-1,"") -> -0.00097344458 | AM162: ='Market Scenario'!W162 -> 392512 | AN162: =IFERROR('Market Scenario'!W162/'Market Scenario'!W$152-1,"") -> 0.011136588 | AO162: ='Market Scenario'!X162 -> 455532.8 | AP162: =IFERROR('Market Scenario'!X162/'Market Scenario'!X$152-1,"") -> -0.00095094726 | AQ162: ='Market Scenario'!Y162 -> 1458496 | AR162: =IFERROR('Market Scenario'!Y162/'Market Scenario'!Y$152-1,"") -> 0.013500404 | AS162: ='Market Scenario'!Z162 -> 49535.75 | AT162: =IFERROR('Market Scenario'!Z162/'Market Scenario'!Z$152-1,"") -> -0.0092025657 | AU162: ='Market Scenario'!AA162 -> 119508.4 | AV162: =IFERROR('Market Scenario'!AA162/'Market Scenario'!AA$152-1,"") -> 0.01671031 | AW162: ='Market Scenario'!AB162 -> 473670 | AX162: =IFERROR('Market Scenario'!AB162/'Market Scenario'!AB$152-1,"") -> 0.0093809974 | AY162: ='Market Scenario'!AC162 -> 382464.5 | AZ162: =IFERROR('Market Scenario'!AC162/'Market Scenario'!AC$152-1,"") -> -0.00039595835 | BA162: ='Market Scenario'!AD162 -> 425953 | BB162: =IFERROR('Market Scenario'!AD162/'Market Scenario'!AD$152-1,"") -> 0.002301076 | BC162: ='Market Scenario'!AE162 -> 99811.95 | BD162: =IFERROR('Market Scenario'!AE162/'Market Scenario'!AE$152-1,"") -> -0.014511506 | BE162: ='Market Scenario'!AF162 -> 120300.5 | BF162: =IFERROR('Market Scenario'!AF162/'Market Scenario'!AF$152-1,"") -> -0.00067037046 | BG162: ='Market Scenario'!AG162 -> 180713.9 | BH162: =IFERROR('Market Scenario'!AG162/'Market Scenario'!AG$152-1,"") -> -0.012437845 | BI162: ='Market Scenario'!AH162 -> 190310.1 | BJ162: =IFERROR('Market Scenario'!AH162/'Market Scenario'!AH$152-1,"") -> -0.020030886 | BK162: ='Market Scenario'!AI162 -> 105569.6 | BL162: =IFERROR('Market Scenario'!AI162/'Market Scenario'!AI$152-1,"") -> -0.00057464572 | BM162: ='Market Scenario'!AJ162 -> 195361.5 | BN162: =IFERROR('Market Scenario'!AJ162/'Market Scenario'!AJ$152-1,"") -> 0.012248863 | BO162: ='Market Scenario'!AK162 -> 121886.2 | BP162: =IFERROR('Market Scenario'!AK162/'Market Scenario'!AK$152-1,"") -> -0.0028127301 | BQ162: ='Market Scenario'!AL162 -> 131225.7 | BR162: =IFERROR('Market Scenario'!AL162/'Market Scenario'!AL$152-1,"") -> -0.00062524846 | BS162: ='Market Scenario'!AM162 -> 103921.7 | BT162: =IFERROR('Market Scenario'!AM162/'Market Scenario'!AM$152-1,"") -> -0.024573915 | BU162: ='Market Scenario'!AN162 -> 103856.6 | BV162: =IFERROR('Market Scenario'!AN162/'Market Scenario'!AN$152-1,"") -> 0.0096044857 | BW162: ='Market Scenario'!AO162 -> 156849.6 | BX162: =IFERROR('Market Scenario'!AO162/'Market Scenario'!AO$152-1,"") -> 0.0011367734 | BY162: ='Market Scenario'!AP162 -> 127423.1 | BZ162: =IFERROR('Market Scenario'!AP162/'Market Scenario'!AP$152-1,"") -> -0.00049730756 | CA162: ='Market Scenario'!AQ162 -> 114125.1 | CB162: =IFERROR('Market Scenario'!AQ162/'Market Scenario'!AQ$152-1,"") -> -0.00012265735 | CC162: ='Market Scenario'!AR162 -> 1549867 | CD162: =IFERROR('Market Scenario'!AR162/'Market Scenario'!AR$152-1,"") -> 0.022234519 | CE162: ='Market Scenario'!AS162 -> 20939.47 | CF162: =IFERROR('Market Scenario'!AS162/'Market Scenario'!AS$152-1,"") -> 0.004056125 | CG162: ='Market Scenario'!AT162 -> 17206.07 | CH162: =IFERROR('Market Scenario'!AT162/'Market Scenario'!AT$152-1,"") -> 0.00074331323 | CI162: ='Market Scenario'!AU162 -> 118859.7 | CJ162: =IFERROR('Market Scenario'!AU162/'Market Scenario'!AU$152-1,"") -> -0.001551522 | CK162: ='Market Scenario'!AV162 -> 248632.9 | CL162: =IFERROR('Market Scenario'!AV162/'Market Scenario'!AV$152-1,"") -> 0.024154237 | CM162: ='Market Scenario'!AW162 -> 147.147 | CN162: =IFERROR('Market Scenario'!AW162/'Market Scenario'!AW$152-1,"") -> 0.01347889 | CO162: ='Market Scenario'!AX162 -> 1281413 | CP162: =IFERROR('Market Scenario'!AX162/'Market Scenario'!AX$152-1,"") -> 0.0035099782 | CQ162: ='Market Scenario'!AY162 -> 4147754 | CR162: =IFERROR('Market Scenario'!AY162/'Market Scenario'!AY$152-1,"") -> -0.0082308807 | CS162: ='Market Scenario'!AZ162 -> 42121.28 | CT162: =IFERROR('Market Scenario'!AZ162/'Market Scenario'!AZ$152-1,"") -> -0.015308311 | CU162: ='Market Scenario'!BA162 -> 667077.5 | CV162: =IFERROR('Market Scenario'!BA162/'Market Scenario'!BA$152-1,"") -> 0.013099356 | CW162: ='Market Scenario'!BB162 -> 506217.7 | CX162: =IFERROR('Market Scenario'!BB162/'Market Scenario'!BB$152-1,"") -> 0.019834503 | CY162: ='Market Scenario'!BC162 -> 42375.78 | CZ162: =IFERROR('Market Scenario'!BC162/'Market Scenario'!BC$152-1,"") -> -0.00034205955 | DA162: ='Market Scenario'!BD162 -> 52000.13 | DB162: =IFERROR('Market Scenario'!BD162/'Market Scenario'!BD$152-1,"") -> 0.0044143902
A163: ='Market Scenario'!A163 -> Scenario 2 | B163: ='Market Scenario'!B163 -> 162 | C163: ='Market Scenario'!C163 -> 1 | D163: ='Market Scenario'!D163 -> Fake Positive News | E163: ='Market Scenario'!E163 -> 162 | F163: ='Market Scenario'!F163 -> TRADING | G163: ='Market Scenario'!G163 -> 151313 | H163: =IFERROR('Market Scenario'!G163/'Market Scenario'!G$152-1,"") -> -0.023812289 | I163: ='Market Scenario'!H163 -> 227597.9 | J163: =IFERROR('Market Scenario'!H163/'Market Scenario'!H$152-1,"") -> 0.022019423 | K163: ='Market Scenario'!I163 -> 162214.6 | L163: =IFERROR('Market Scenario'!I163/'Market Scenario'!I$152-1,"") -> -0.011184436 | M163: ='Market Scenario'!J163 -> 270260.9 | N163: =IFERROR('Market Scenario'!J163/'Market Scenario'!J$152-1,"") -> -0.0073768848 | O163: ='Market Scenario'!K163 -> 621639.7 | P163: =IFERROR('Market Scenario'!K163/'Market Scenario'!K$152-1,"") -> 0.027040874 | Q163: ='Market Scenario'!L163 -> 561294.9 | R163: =IFERROR('Market Scenario'!L163/'Market Scenario'!L$152-1,"") -> 0.026840798 | S163: ='Market Scenario'!M163 -> 234353.2 | T163: =IFERROR('Market Scenario'!M163/'Market Scenario'!M$152-1,"") -> -0.0046147697 | U163: ='Market Scenario'!N163 -> 379017.7 | V163: =IFERROR('Market Scenario'!N163/'Market Scenario'!N$152-1,"") -> 0.015601211 | W163: ='Market Scenario'!O163 -> 703122.8 | X163: =IFERROR('Market Scenario'!O163/'Market Scenario'!O$152-1,"") -> -0.00057893756 | Y163: ='Market Scenario'!P163 -> 1151352 | Z163: =IFERROR('Market Scenario'!P163/'Market Scenario'!P$152-1,"") -> -0.016674695 | AA163: ='Market Scenario'!Q163 -> 358790.3 | AB163: =IFERROR('Market Scenario'!Q163/'Market Scenario'!Q$152-1,"") -> 0.017518351 | AC163: ='Market Scenario'!R163 -> 301551.5 | AD163: =IFERROR('Market Scenario'!R163/'Market Scenario'!R$152-1,"") -> 0.017065914 | AE163: ='Market Scenario'!S163 -> 1755435 | AF163: =IFERROR('Market Scenario'!S163/'Market Scenario'!S$152-1,"") -> 0.026939513 | AG163: ='Market Scenario'!T163 -> 22981.01 | AH163: =IFERROR('Market Scenario'!T163/'Market Scenario'!T$152-1,"") -> 0.021091863 | AI163: ='Market Scenario'!U163 -> 437665.8 | AJ163: =IFERROR('Market Scenario'!U163/'Market Scenario'!U$152-1,"") -> -0.022101518 | AK163: ='Market Scenario'!V163 -> 43970.32 | AL163: =IFERROR('Market Scenario'!V163/'Market Scenario'!V$152-1,"") -> -0.001803415 | AM163: ='Market Scenario'!W163 -> 392903.1 | AN163: =IFERROR('Market Scenario'!W163/'Market Scenario'!W$152-1,"") -> 0.012144088 | AO163: ='Market Scenario'!X163 -> 455315.6 | AP163: =IFERROR('Market Scenario'!X163/'Market Scenario'!X$152-1,"") -> -0.0014272982 | AQ163: ='Market Scenario'!Y163 -> 1461306 | AR163: =IFERROR('Market Scenario'!Y163/'Market Scenario'!Y$152-1,"") -> 0.015453057 | AS163: ='Market Scenario'!Z163 -> 49516.57 | AT163: =IFERROR('Market Scenario'!Z163/'Market Scenario'!Z$152-1,"") -> -0.0095861976 | AU163: ='Market Scenario'!AA163 -> 119513.5 | AV163: =IFERROR('Market Scenario'!AA163/'Market Scenario'!AA$152-1,"") -> 0.016753698 | AW163: ='Market Scenario'!AB163 -> 474521.9 | AX163: =IFERROR('Market Scenario'!AB163/'Market Scenario'!AB$152-1,"") -> 0.011196379 | AY163: ='Market Scenario'!AC163 -> 382543.9 | AZ163: =IFERROR('Market Scenario'!AC163/'Market Scenario'!AC$152-1,"") -> -0.00018843958 | BA163: ='Market Scenario'!AD163 -> 426268.8 | BB163: =IFERROR('Market Scenario'!AD163/'Market Scenario'!AD$152-1,"") -> 0.0030441784 | BC163: ='Market Scenario'!AE163 -> 99780.15 | BD163: =IFERROR('Market Scenario'!AE163/'Market Scenario'!AE$152-1,"") -> -0.014825482 | BE163: ='Market Scenario'!AF163 -> 120335.9 | BF163: =IFERROR('Market Scenario'!AF163/'Market Scenario'!AF$152-1,"") -> -0.00037630461 | BG163: ='Market Scenario'!AG163 -> 180596.7 | BH163: =IFERROR('Market Scenario'!AG163/'Market Scenario'!AG$152-1,"") -> -0.013078317 | BI163: ='Market Scenario'!AH163 -> 190088.3 | BJ163: =IFERROR('Market Scenario'!AH163/'Market Scenario'!AH$152-1,"") -> -0.021173007 | BK163: ='Market Scenario'!AI163 -> 105515.8 | BL163: =IFERROR('Market Scenario'!AI163/'Market Scenario'!AI$152-1,"") -> -0.0010839693 | BM163: ='Market Scenario'!AJ163 -> 195657.5 | BN163: =IFERROR('Market Scenario'!AJ163/'Market Scenario'!AJ$152-1,"") -> 0.013782562 | BO163: ='Market Scenario'!AK163 -> 121800.7 | BP163: =IFERROR('Market Scenario'!AK163/'Market Scenario'!AK$152-1,"") -> -0.003512231 | BQ163: ='Market Scenario'!AL163 -> 131188.4 | BR163: =IFERROR('Market Scenario'!AL163/'Market Scenario'!AL$152-1,"") -> -0.00090931384 | BS163: ='Market Scenario'!AM163 -> 103637.8 | BT163: =IFERROR('Market Scenario'!AM163/'Market Scenario'!AM$152-1,"") -> -0.027238647 | BU163: ='Market Scenario'!AN163 -> 103936.9 | BV163: =IFERROR('Market Scenario'!AN163/'Market Scenario'!AN$152-1,"") -> 0.010385093 | BW163: ='Market Scenario'!AO163 -> 156788.9 | BX163: =IFERROR('Market Scenario'!AO163/'Market Scenario'!AO$152-1,"") -> 0.00074933858 | BY163: ='Market Scenario'!AP163 -> 127436.8 | BZ163: =IFERROR('Market Scenario'!AP163/'Market Scenario'!AP$152-1,"") -> -0.0003898452 | CA163: ='Market Scenario'!AQ163 -> 114147.5 | CB163: =IFERROR('Market Scenario'!AQ163/'Market Scenario'!AQ$152-1,"") -> 7.3594412e-05 | CC163: ='Market Scenario'!AR163 -> 1552596 | CD163: =IFERROR('Market Scenario'!AR163/'Market Scenario'!AR$152-1,"") -> 0.024034466 | CE163: ='Market Scenario'!AS163 -> 20947.45 | CF163: =IFERROR('Market Scenario'!AS163/'Market Scenario'!AS$152-1,"") -> 0.0044387692 | CG163: ='Market Scenario'!AT163 -> 17214.62 | CH163: =IFERROR('Market Scenario'!AT163/'Market Scenario'!AT$152-1,"") -> 0.0012406003 | CI163: ='Market Scenario'!AU163 -> 118904.9 | CJ163: =IFERROR('Market Scenario'!AU163/'Market Scenario'!AU$152-1,"") -> -0.0011718317 | CK163: ='Market Scenario'!AV163 -> 248965.5 | CL163: =IFERROR('Market Scenario'!AV163/'Market Scenario'!AV$152-1,"") -> 0.025524264 | CM163: ='Market Scenario'!AW163 -> 147.4466 | CN163: =IFERROR('Market Scenario'!AW163/'Market Scenario'!AW$152-1,"") -> 0.015542393 | CO163: ='Market Scenario'!AX163 -> 1280326 | CP163: =IFERROR('Market Scenario'!AX163/'Market Scenario'!AX$152-1,"") -> 0.0026587184 | CQ163: ='Market Scenario'!AY163 -> 4146350 | CR163: =IFERROR('Market Scenario'!AY163/'Market Scenario'!AY$152-1,"") -> -0.008566591 | CS163: ='Market Scenario'!AZ163 -> 42036.03 | CT163: =IFERROR('Market Scenario'!AZ163/'Market Scenario'!AZ$152-1,"") -> -0.017301246 | CU163: ='Market Scenario'!BA163 -> 669167.3 | CV163: =IFERROR('Market Scenario'!BA163/'Market Scenario'!BA$152-1,"") -> 0.016273163 | CW163: ='Market Scenario'!BB163 -> 506930.8 | CX163: =IFERROR('Market Scenario'!BB163/'Market Scenario'!BB$152-1,"") -> 0.021271126 | CY163: ='Market Scenario'!BC163 -> 42369.67 | CZ163: =IFERROR('Market Scenario'!BC163/'Market Scenario'!BC$152-1,"") -> -0.00048619636 | DA163: ='Market Scenario'!BD163 -> 52058.56 | DB163: =IFERROR('Market Scenario'!BD163/'Market Scenario'!BD$152-1,"") -> 0.0055430015
... A301: ='Market Scenario'!A301 -> Scenario 2 | B301: ='Market Scenario'!B301 -> 300 | C301: ='Market Scenario'!C301 -> 1 | D301: ='Market Scenario'!D301 -> Fake Positive News | E301: ='Market Scenario'!E301 -> 300 | F301: ='Market Scenario'!F301 -> TRADING | G301: ='Market Scenario'!G301 -> 150681.4 | H301: =IFERROR('Market Scenario'!G301/'Market Scenario'!G$152-1,"") -> -0.027887022 | I301: ='Market Scenario'!H301 -> 236649.7 | J301: =IFERROR('Market Scenario'!H301/'Market Scenario'!H$152-1,"") -> 0.062666175 | K301: ='Market Scenario'!I301 -> 165329.9 | L301: =IFERROR('Market Scenario'!I301/'Market Scenario'!I$152-1,"") -> 0.0078055756 | M301: ='Market Scenario'!J301 -> 267078.2 | N301: =IFERROR('Market Scenario'!J301/'Market Scenario'!J$152-1,"") -> -0.01906641 | O301: ='Market Scenario'!K301 -> 639744.1 | P301: =IFERROR('Market Scenario'!K301/'Market Scenario'!K$152-1,"") -> 0.056952025 | Q301: ='Market Scenario'!L301 -> 586794.5 | R301: =IFERROR('Market Scenario'!L301/'Market Scenario'!L$152-1,"") -> 0.073490125 | S301: ='Market Scenario'!M301 -> 226711.8 | T301: =IFERROR('Market Scenario'!M301/'Market Scenario'!M$152-1,"") -> -0.037070638 | U301: ='Market Scenario'!N301 -> 458389.9 | V301: =IFERROR('Market Scenario'!N301/'Market Scenario'!N$152-1,"") -> 0.2282839 | W301: ='Market Scenario'!O301 -> 697841.3 | X301: =IFERROR('Market Scenario'!O301/'Market Scenario'!O$152-1,"") -> -0.008086079 | Y301: ='Market Scenario'!P301 -> 936612.2 | Z301: =IFERROR('Market Scenario'!P301/'Market Scenario'!P$152-1,"") -> -0.20007567 | AA301: ='Market Scenario'!Q301 -> 437733.3 | AB301: =IFERROR('Market Scenario'!Q301/'Market Scenario'!Q$152-1,"") -> 0.24139829 | AC301: ='Market Scenario'!R301 -> 279217.3 | AD301: =IFERROR('Market Scenario'!R301/'Market Scenario'!R$152-1,"") -> -0.058262359 | AE301: ='Market Scenario'!S301 -> 1850145 | AF301: =IFERROR('Market Scenario'!S301/'Market Scenario'!S$152-1,"") -> 0.082345405 | AG301: ='Market Scenario'!T301 -> 25066 | AH301: =IFERROR('Market Scenario'!T301/'Market Scenario'!T$152-1,"") -> 0.1137321 | AI301: ='Market Scenario'!U301 -> 427400.3 | AJ301: =IFERROR('Market Scenario'!U301/'Market Scenario'!U$152-1,"") -> -0.045038235 | AK301: ='Market Scenario'!V301 -> 44206.63 | AL301: =IFERROR('Market Scenario'!V301/'Market Scenario'!V$152-1,"") -> 0.0035611999 | AM301: ='Market Scenario'!W301 -> 332864.5 | AN301: =IFERROR('Market Scenario'!W301/'Market Scenario'!W$152-1,"") -> -0.14251927 | AO301: ='Market Scenario'!X301 -> 468032.4 | AP301: =IFERROR('Market Scenario'!X301/'Market Scenario'!X$152-1,"") -> 0.026462476 | AQ301: ='Market Scenario'!Y301 -> 1419979 | AR301: =IFERROR('Market Scenario'!Y301/'Market Scenario'!Y$152-1,"") -> -0.013264835 | AS301: ='Market Scenario'!Z301 -> 46890.79 | AT301: =IFERROR('Market Scenario'!Z301/'Market Scenario'!Z$152-1,"") -> -0.062106167 | AU301: ='Market Scenario'!AA301 -> 128384.8 | AV301: =IFERROR('Market Scenario'!AA301/'Market Scenario'!AA$152-1,"") -> 0.092225733 | AW301: ='Market Scenario'!AB301 -> 487852.4 | AX301: =IFERROR('Market Scenario'!AB301/'Market Scenario'!AB$152-1,"") -> 0.039603399 | AY301: ='Market Scenario'!AC301 -> 376527.6 | AZ301: =IFERROR('Market Scenario'!AC301/'Market Scenario'!AC$152-1,"") -> -0.01591256 | BA301: ='Market Scenario'!AD301 -> 436374.5 | BB301: =IFERROR('Market Scenario'!AD301/'Market Scenario'!AD$152-1,"") -> 0.026823689 | BC301: ='Market Scenario'!AE301 -> 95859.5 | BD301: =IFERROR('Market Scenario'!AE301/'Market Scenario'!AE$152-1,"") -> -0.053535831 | BE301: ='Market Scenario'!AF301 -> 119326.3 | BF301: =IFERROR('Market Scenario'!AF301/'Market Scenario'!AF$152-1,"") -> -0.0087629962 | BG301: ='Market Scenario'!AG301 -> 150012 | BH301: =IFERROR('Market Scenario'!AG301/'Market Scenario'!AG$152-1,"") -> -0.18021705 | BI301: ='Market Scenario'!AH301 -> 181670.8 | BJ301: =IFERROR('Market Scenario'!AH301/'Market Scenario'!AH$152-1,"") -> -0.064517475 | BK301: ='Market Scenario'!AI301 -> 104589.5 | BL301: =IFERROR('Market Scenario'!AI301/'Market Scenario'!AI$152-1,"") -> -0.0098532334 | BM301: ='Market Scenario'!AJ301 -> 159679.7 | BN301: =IFERROR('Market Scenario'!AJ301/'Market Scenario'!AJ$152-1,"") -> -0.17263332 | BO301: ='Market Scenario'!AK301 -> 127234.6 | BP301: =IFERROR('Market Scenario'!AK301/'Market Scenario'!AK$152-1,"") -> 0.040944122 | BQ301: ='Market Scenario'!AL301 -> 130175.9 | BR301: =IFERROR('Market Scenario'!AL301/'Market Scenario'!AL$152-1,"") -> -0.0086202038 | BS301: ='Market Scenario'!AM301 -> 138501.8 | BT301: =IFERROR('Market Scenario'!AM301/'Market Scenario'!AM$152-1,"") -> 0.30000056 | BU301: ='Market Scenario'!AN301 -> 103605.1 | BV301: =IFERROR('Market Scenario'!AN301/'Market Scenario'!AN$152-1,"") -> 0.0071596192 | BW301: ='Market Scenario'!AO301 -> 158640.7 | BX301: =IFERROR('Market Scenario'!AO301/'Market Scenario'!AO$152-1,"") -> 0.012568974 | BY301: ='Market Scenario'!AP301 -> 126761 | BZ301: =IFERROR('Market Scenario'!AP301/'Market Scenario'!AP$152-1,"") -> -0.0056907986 | CA301: ='Market Scenario'!AQ301 -> 114675.4 | CB301: =IFERROR('Market Scenario'!AQ301/'Market Scenario'!AQ$152-1,"") -> 0.0046986528 | CC301: ='Market Scenario'!AR301 -> 1493580 | CD301: =IFERROR('Market Scenario'!AR301/'Market Scenario'!AR$152-1,"") -> -0.014890288 | CE301: ='Market Scenario'!AS301 -> 20618.61 | CF301: =IFERROR('Market Scenario'!AS301/'Market Scenario'!AS$152-1,"") -> -0.011329243 | CG301: ='Market Scenario'!AT301 -> 16751.73 | CH301: =IFERROR('Market Scenario'!AT301/'Market Scenario'!AT$152-1,"") -> -0.025682112 | CI301: ='Market Scenario'!AU301 -> 125722.1 | CJ301: =IFERROR('Market Scenario'!AU301/'Market Scenario'!AU$152-1,"") -> 0.056094197 | CK301: ='Market Scenario'!AV301 -> 252286.9 | CL301: =IFERROR('Market Scenario'!AV301/'Market Scenario'!AV$152-1,"") -> 0.039205582 | CM301: ='Market Scenario'!AW301 -> 156.1234 | CN301: =IFERROR('Market Scenario'!AW301/'Market Scenario'!AW$152-1,"") -> 0.075304084 | CO301: ='Market Scenario'!AX301 -> 1330731 | CP301: =IFERROR('Market Scenario'!AX301/'Market Scenario'!AX$152-1,"") -> 0.042132269 | CQ301: ='Market Scenario'!AY301 -> 4160374 | CR301: =IFERROR('Market Scenario'!AY301/'Market Scenario'!AY$152-1,"") -> -0.0052133135 | CS301: ='Market Scenario'!AZ301 -> 33502.75 | CT301: =IFERROR('Market Scenario'!AZ301/'Market Scenario'!AZ$152-1,"") -> -0.2167883 | CU301: ='Market Scenario'!BA301 -> 685933.4 | CV301: =IFERROR('Market Scenario'!BA301/'Market Scenario'!BA$152-1,"") -> 0.041736059 | CW301: ='Market Scenario'!BB301 -> 542353.8 | CX301: =IFERROR('Market Scenario'!BB301/'Market Scenario'!BB$152-1,"") -> 0.092634885 | CY301: ='Market Scenario'!BC301 -> 42250.17 | CZ301: =IFERROR('Market Scenario'!BC301/'Market Scenario'!BC$152-1,"") -> -0.0033052388 | DA301: ='Market Scenario'!BD301 -> 52829.21 | DB301: =IFERROR('Market Scenario'!BD301/'Market Scenario'!BD$152-1,"") -> 0.020428579
